Nation,Population,Exists,First_App,Medal,S_Medal,W_Medal,Appearances (Total),Medals (Total),Gold,Silver,Bronze,Appearances (Summer),Medals (Summer),SO_Gold,SO_Silver,SO_Bronze,Appearances (Winter),Medals (Winter),WO_Gold,WO_Silver,WO_Bronze,MostSuccessfulSport,Medals,Golds,Silvers,Bronzes,id,Hosts (Total),Hosts (Summer),Hosts (Winter),HostInfo,RecordsM,RecordsW,Flag,Medals (Per capita),Aeronautics,Alpine Skiing,Alpinism,Archery,Art Competitions,Athletics,Badminton,Baseball,Basketball,Basque Pelota,Beach Volleyball,Biathlon,Bobsleigh,Boxing,Canoeing,Cricket,Croquet,Cross Country Skiing,Curling,Cycling,Diving,Equestrianism,Fencing,Figure Skating,Football,Freestyle Skiing,Golf,Gymnastics,Handball,Hockey,Ice Hockey,Jeu De Paume,Judo,Lacrosse,Luge,Military Ski Patrol,Modern Pentathlon,Motorboating,Nordic Combined,Polo,Racquets,Rhythmic Gymnastics,Roque,Rowing,Rugby,Rugby Sevens,Sailing,Shooting,Short Track Speed Skating,Skeleton,Ski Jumping,Snowboarding,Softball,Speed Skating,Swimming,Synchronized Swimming,Table Tennis,Taekwondo,Tennis,Trampolining,Triathlon,Tug-Of-War,Volleyball,Water Polo,Weightlifting,Wrestling
Afghanistan,35530081,YES,1936,0.14,0.14,0.00,14,2,0,0,2,14,2,0,0,2,0,0,0,0,0,Taekwondo,2,0,0,2,AFG,0,0,0,,,,https://upload.wikimedia.org/wikipedia/commons/9/9a/Flag_of_Afghanistan.svg,0.06,0,0,0,0,0,0,0,0,0,0,0,0,0,0,0,0,0,0,0,0,0,0,0,0,0,0,0,0,0,0,0,0,0,0,0,0,0,0,0,0,0,0,0,0,0,0,0,0,0,0,0,0,0,0,0,0,0,2,0,0,0,0,0,0,0,0
Albania,2930187,YES,1972,0.00,0.00,0.00,12,0,0,0,0,8,0,0,0,0,4,0,0,0,0,-,0,0,0,0,ALB,0,0,0,,,,https://upload.wikimedia.org/wikipedia/commons/3/36/Flag_of_Albania.svg,0.00,0,0,0,0,0,0,0,0,0,0,0,0,0,0,0,0,0,0,0,0,0,0,0,0,0,0,0,0,0,0,0,0,0,0,0,0,0,0,0,0,0,0,0,0,0,0,0,0,0,0,0,0,0,0,0,0,0,0,0,0,0,0,0,0,0,0
Algeria,41318142,YES,1964,1.06,1.31,0.00,16,17,5,4,8,13,17,5,4,8,3,0,0,0,0,Athletics,9,4,3,2,DZA,0,0,0,,,,https://upload.wikimedia.org/wikipedia/commons/7/77/Flag_of_Algeria.svg,0.41,0,0,0,0,0,9,0,0,0,0,0,0,0,6,0,0,0,0,0,0,0,0,0,0,0,0,0,0,0,0,0,0,2,0,0,0,0,0,0,0,0,0,0,0,0,0,0,0,0,0,0,0,0,0,0,0,0,0,0,0,0,0,0,0,0,0
American Samoa,55641,YES,1988,0.00,0.00,0.00,9,0,0,0,0,8,0,0,0,0,1,0,0,0,0,-,0,0,0,0,ASM,0,0,0,,,,,0.00,0,0,0,0,0,0,0,0,0,0,0,0,0,0,0,0,0,0,0,0,0,0,0,0,0,0,0,0,0,0,0,0,0,0,0,0,0,0,0,0,0,0,0,0,0,0,0,0,0,0,0,0,0,0,0,0,0,0,0,0,0,0,0,0,0,0
Andorra,76965,YES,1976,0.00,0.00,0.00,23,0,0,0,0,11,0,0,0,0,12,0,0,0,0,-,0,0,0,0,AND,0,0,0,,,,https://upload.wikimedia.org/wikipedia/commons/1/19/Flag_of_Andorra.svg,0.00,0,0,0,0,0,0,0,0,0,0,0,0,0,0,0,0,0,0,0,0,0,0,0,0,0,0,0,0,0,0,0,0,0,0,0,0,0,0,0,0,0,0,0,0,0,0,0,0,0,0,0,0,0,0,0,0,0,0,0,0,0,0,0,0,0,0
Angola,29784193,YES,1980,0.00,0.00,0.00,9,0,0,0,0,9,0,0,0,0,0,0,0,0,0,-,0,0,0,0,AGO,0,0,0,,,,https://upload.wikimedia.org/wikipedia/commons/9/9d/Flag_of_Angola.svg,0.00,0,0,0,0,0,0,0,0,0,0,0,0,0,0,0,0,0,0,0,0,0,0,0,0,0,0,0,0,0,0,0,0,0,0,0,0,0,0,0,0,0,0,0,0,0,0,0,0,0,0,0,0,0,0,0,0,0,0,0,0,0,0,0,0,0,0
Antigua and Barbuda,102012,YES,1976,0.00,0.00,0.00,10,0,0,0,0,10,0,0,0,0,0,0,0,0,0,-,0,0,0,0,ATG,0,0,0,,,,https://upload.wikimedia.org/wikipedia/commons/8/89/Flag_of_Antigua_and_Barbuda.svg,0.00,0,0,0,0,0,0,0,0,0,0,0,0,0,0,0,0,0,0,0,0,0,0,0,0,0,0,0,0,0,0,0,0,0,0,0,0,0,0,0,0,0,0,0,0,0,0,0,0,0,0,0,0,0,0,0,0,0,0,0,0,0,0,0,0,0,0
Argentina,44271041,YES,1900,1.72,3.08,0.00,43,77,21,26,30,24,77,21,26,30,19,0,0,0,0,Footbal,4,2,2,0,ARG,0,0,0,,,,https://upload.wikimedia.org/wikipedia/commons/1/1a/Flag_of_Argentina.svg,1.74,0,0,0,0,0,5,0,0,24,0,0,0,0,24,0,0,0,0,0,2,0,1,5,0,68,0,0,0,0,81,0,0,2,0,0,0,0,0,0,9,0,0,0,6,0,0,21,1,0,0,0,0,0,0,3,0,0,1,7,0,0,0,12,0,2,0
Armenia,2930450,YES,1994,1.08,2.33,0.00,13,18,2,8,8,6,18,2,8,8,7,0,0,0,0,Wrestling,8,2,3,3,ARM,0,0,0,,,,https://upload.wikimedia.org/wikipedia/commons/2/2f/Flag_of_Armenia.svg,6.14,0,0,0,0,0,0,0,0,0,0,0,0,0,1,0,0,0,0,0,0,0,0,0,0,0,0,0,0,0,0,0,0,0,0,0,0,0,0,0,0,0,0,0,0,0,0,0,0,0,0,0,0,0,0,0,0,0,0,0,0,0,0,0,0,7,8
Aruba,105264,YES,1988,0.00,0.00,0.00,8,0,0,0,0,8,0,0,0,0,0,0,0,0,0,-,0,0,0,0,ABW,0,0,0,,,,,0.00,0,0,0,0,0,0,0,0,0,0,0,0,0,0,0,0,0,0,0,0,0,0,0,0,0,0,0,0,0,0,0,0,0,0,0,0,0,0,0,0,0,0,0,0,0,0,0,0,0,0,0,0,0,0,0,0,0,0,0,0,0,0,0,0,0,0
Australia,24450561,YES,1896,10.89,17.75,0.79,47,558,169,175,214,28,543,164,170,209,19,15,5,5,5,Swimming,188,60,64,64,AUS,2,2,0,"1956 Summer Olympics (Melbourne), 2000 Summer Olympics (Sydney)","50 km walk:, Jared Tallent 3:36.53 hr",,https://upload.wikimedia.org/wikipedia/commons/8/88/Flag_of_Australia_%28converted%29.svg,22.82,0,1,1,5,0,89,0,24,60,0,4,0,0,4,41,0,0,0,0,84,20,37,0,0,0,7,0,0,0,188,0,0,2,0,0,0,1,0,0,0,0,0,0,144,0,12,53,11,5,0,0,2,60,0,401,0,0,2,10,1,5,0,0,39,4,3
Austria,8735453,YES,1896,6.38,3.22,10.09,50,326,83,115,128,27,94,19,34,41,23,232,64,81,87,Alpine Skiing,114,34,39,41,AUT,2,0,2,"1964 Winter Olympics (Innsbruck), 1976 Winter Olympics (Innsbruck)",,,https://upload.wikimedia.org/wikipedia/commons/4/41/Flag_of_Austria.svg,37.32,0,114,0,0,10,7,0,0,0,0,0,11,12,0,21,0,0,5,0,3,1,6,13,25,13,1,0,3,22,0,0,0,5,0,27,0,0,0,29,0,0,0,0,9,0,0,12,8,0,1,43,6,0,6,17,0,0,0,2,0,1,0,0,0,11,6
Azerbaijan,9827589,YES,1996,3.58,7.17,0.00,12,50,7,14,29,6,50,7,14,29,6,0,0,0,0,Wrestling,22,4,7,11,AZE,0,0,0,,,,https://upload.wikimedia.org/wikipedia/commons/d/dd/Flag_of_Azerbaijan.svg,5.09,0,0,0,0,0,0,0,0,0,0,0,0,0,8,2,0,0,0,0,0,0,0,0,0,0,0,0,0,0,0,0,0,4,0,0,0,0,0,0,0,0,0,0,0,0,0,0,3,0,0,0,0,0,0,0,0,0,3,0,0,0,0,0,0,1,23
Bahamas,395361,YES,1952,0.88,0.88,0.00,16,16,8,2,6,16,16,8,2,6,0,0,0,0,0,Athletics,12,5,2,5,BHS,0,0,0,,,,https://upload.wikimedia.org/wikipedia/commons/9/93/Flag_of_the_Bahamas.svg,40.47,0,0,0,0,0,36,0,0,0,0,0,0,0,0,0,0,0,0,0,0,0,0,0,0,0,0,0,0,0,0,0,0,0,0,0,0,0,0,0,0,0,0,0,0,0,0,4,0,0,0,0,0,0,0,0,0,0,0,0,0,0,0,0,0,0,0
Bahrain,1492584,YES,1984,0.33,0.33,0.00,9,4,2,2,0,9,4,2,2,0,0,0,0,0,0,Athletics,3,2,1,0,BHR,0,0,0,,,,https://upload.wikimedia.org/wikipedia/commons/2/2c/Flag_of_Bahrain.svg,2.68,0,0,0,0,0,3,0,0,0,0,0,0,0,0,0,0,0,0,0,0,0,0,0,0,0,0,0,0,0,0,0,0,0,0,0,0,0,0,0,0,0,0,0,0,0,0,0,0,0,0,0,0,0,0,0,0,0,0,0,0,0,0,0,0,0,0
Bangladesh,164669751,YES,1984,0.00,0.00,0.00,9,0,0,0,0,9,0,0,0,0,0,0,0,0,0,-,0,0,0,0,BGD,0,0,0,,,,https://upload.wikimedia.org/wikipedia/commons/f/f9/Flag_of_Bangladesh.svg,0.00,0,0,0,0,0,0,0,0,0,0,0,0,0,0,0,0,0,0,0,0,0,0,0,0,0,0,0,0,0,0,0,0,0,0,0,0,0,0,0,0,0,0,0,0,0,0,0,0,0,0,0,0,0,0,0,0,0,0,0,0,0,0,0,0,0,0
Barbados,285719,YES,1968,0.08,0.08,0.00,12,1,0,0,1,12,1,0,0,1,0,0,0,0,0,Athletics,1,0,0,1,BRB,0,0,0,,,,https://upload.wikimedia.org/wikipedia/commons/e/ef/Flag_of_Barbados.svg,3.50,0,0,0,0,0,1,0,0,0,0,0,0,0,0,0,0,0,0,0,0,0,0,0,0,0,0,0,0,0,0,0,0,0,0,0,0,0,0,0,0,0,0,0,0,0,0,0,0,0,0,0,0,0,0,0,0,0,0,0,0,0,0,0,0,0,0
Belarus,9468338,YES,1994,7.38,13.00,2.57,13,103,21,35,47,6,85,13,30,42,7,18,8,5,5,Canoeing,8,2,2,4,BLR,0,0,0,,,,https://upload.wikimedia.org/wikipedia/commons/8/85/Flag_of_Belarus.svg,10.88,0,0,0,0,0,17,0,0,0,0,0,8,0,2,22,0,0,0,0,1,0,0,0,0,0,6,0,4,0,0,0,0,2,0,0,0,1,0,0,0,0,21,0,17,0,0,0,7,0,0,0,0,0,1,3,0,0,0,3,1,0,0,0,0,12,11
Belgium,11429336,YES,1900,3.28,5.69,0.29,47,161,44,56,61,26,155,43,54,58,21,6,1,2,3,Archery,20,11,6,3,BEL,1,1,0,1920 Summer Olympics (Antwerp),,,https://upload.wikimedia.org/wikipedia/commons/9/92/Flag_of_Belgium_%28civil%29.svg,14.09,0,0,0,52,8,16,0,0,0,0,0,0,9,4,0,0,0,0,0,47,0,23,48,3,23,0,0,48,0,30,0,0,12,0,0,0,0,0,0,0,0,0,0,30,0,0,19,17,0,0,0,0,0,1,5,0,0,0,3,0,0,8,0,54,4,4
Belize,374681,YES,1968,0.00,0.00,0.00,12,0,0,0,0,12,0,0,0,0,0,0,0,0,0,-,0,0,0,0,BLZ,0,0,0,,,,https://upload.wikimedia.org/wikipedia/commons/e/e7/Flag_of_Belize.svg,0.00,0,0,0,0,0,0,0,0,0,0,0,0,0,0,0,0,0,0,0,0,0,0,0,0,0,0,0,0,0,0,0,0,0,0,0,0,0,0,0,0,0,0,0,0,0,0,0,0,0,0,0,0,0,0,0,0,0,0,0,0,0,0,0,0,0,0
Benin,11175692,YES,1972,0.00,0.00,0.00,11,0,0,0,0,11,0,0,0,0,0,0,0,0,0,-,0,0,0,0,BEN,0,0,0,,,,https://upload.wikimedia.org/wikipedia/commons/0/0a/Flag_of_Benin.svg,0.00,0,0,0,0,0,0,0,0,0,0,0,0,0,0,0,0,0,0,0,0,0,0,0,0,0,0,0,0,0,0,0,0,0,0,0,0,0,0,0,0,0,0,0,0,0,0,0,0,0,0,0,0,0,0,0,0,0,0,0,0,0,0,0,0,0,0
Bermuda,61349,YES,1936,0.04,0.06,0.00,26,2,1,0,1,18,2,1,0,1,8,0,0,0,0,Boxing,1,0,0,1,BMU,0,0,0,,,,,32.60,0,0,0,0,0,0,0,0,0,0,0,0,0,1,0,0,0,0,0,0,0,0,0,0,0,0,0,0,0,0,0,0,0,0,0,0,0,0,0,0,0,0,0,0,0,0,0,0,0,0,0,0,0,0,0,0,0,0,0,0,0,0,0,0,0,0
Bhutan,807610,YES,1984,0.00,0.00,0.00,9,0,0,0,0,9,0,0,0,0,0,0,0,0,0,-,0,0,0,0,BTN,0,0,0,,,,https://upload.wikimedia.org/wikipedia/commons/9/91/Flag_of_Bhutan.svg,0.00,0,0,0,0,0,0,0,0,0,0,0,0,0,0,0,0,0,0,0,0,0,0,0,0,0,0,0,0,0,0,0,0,0,0,0,0,0,0,0,0,0,0,0,0,0,0,0,0,0,0,0,0,0,0,0,0,0,0,0,0,0,0,0,0,0,0
Bohemia,10500000,NO,1900,1.33,1.33,0.00,3,4,0,1,3,3,4,0,1,3,0,0,0,0,0,Fencing,2,0,2,0,XBO,0,0,0,,,,,0.38,0,0,0,0,0,1,0,0,0,0,0,0,0,0,0,0,0,0,0,0,0,0,6,0,0,0,0,0,0,0,0,0,0,0,0,0,0,0,0,0,0,0,0,0,0,0,0,0,0,0,0,0,0,0,0,0,0,0,5,0,0,0,0,0,0,0
Bolivia,11051600,YES,1936,0.00,0.00,0.00,20,0,0,0,0,14,0,0,0,0,6,0,0,0,0,-,0,0,0,0,BOL,0,0,0,,,,,0.00,0,0,0,0,0,0,0,0,0,0,0,0,0,0,0,0,0,0,0,0,0,0,0,0,0,0,0,0,0,0,0,0,0,0,0,0,0,0,0,0,0,0,0,0,0,0,0,0,0,0,0,0,0,0,0,0,0,0,0,0,0,0,0,0,0,0
Bosnia and Herzegovina,3507017,YES,1992,0.00,0.00,0.00,14,0,0,0,0,7,0,0,0,0,7,0,0,0,0,-,0,0,0,0,BIH,1,0,1,1984 Winter Olympics (Sarajevo),,,https://upload.wikimedia.org/wikipedia/commons/b/bf/Flag_of_Bosnia_and_Herzegovina.svg,0.00,0,0,0,0,0,0,0,0,0,0,0,0,0,0,0,0,0,0,0,0,0,0,0,0,0,0,0,0,0,0,0,0,0,0,0,0,0,0,0,0,0,0,0,0,0,0,0,0,0,0,0,0,0,0,0,0,0,0,0,0,0,0,0,0,0,0
Botswana,2291661,YES,1980,0.10,0.10,0.00,10,2,0,1,1,10,2,0,1,1,0,0,0,0,0,Athletics,1,0,1,0,BWA,0,0,0,,,,https://upload.wikimedia.org/wikipedia/commons/f/fa/Flag_of_Botswana.svg,0.87,0,0,0,0,0,1,0,0,0,0,0,0,0,0,0,0,0,0,0,0,0,0,0,0,0,0,0,0,0,0,0,0,0,0,0,0,0,0,0,0,0,0,0,0,0,0,0,0,0,0,0,0,0,0,0,0,0,0,0,0,0,0,0,0,0,0
Brazil,209288278,YES,1920,4.30,5.86,0.00,30,150,37,42,71,22,150,37,42,71,8,0,0,0,0,Volleyball,10,5,3,2,BRA,1,1,0,2016 Summer Olympics (Rio de Janeiro),"Pole vault:, Thiago Braz 6.03 m",,https://upload.wikimedia.org/wikipedia/en/0/05/Flag_of_Brazil.svg,0.72,0,0,0,0,0,26,0,0,58,0,26,0,0,5,4,0,0,0,0,0,0,9,0,0,136,0,0,4,0,0,0,0,22,0,0,0,1,0,0,0,0,0,0,0,0,0,34,8,0,0,0,0,0,0,20,0,0,2,0,0,0,0,120,0,0,0
British Virgin Islands,31196,YES,1984,0.00,0.00,0.00,11,0,0,0,0,9,0,0,0,0,2,0,0,0,0,-,0,0,0,0,VGB,0,0,0,,,,,0.00,0,0,0,0,0,0,0,0,0,0,0,0,0,0,0,0,0,0,0,0,0,0,0,0,0,0,0,0,0,0,0,0,0,0,0,0,0,0,0,0,0,0,0,0,0,0,0,0,0,0,0,0,0,0,0,0,0,0,0,0,0,0,0,0,0,0
British West Indies,3264600,NO,1960,2.00,2.00,0.00,1,2,0,0,2,1,2,0,0,2,0,0,0,0,0,Athletics,2,0,0,2,XBI,0,0,0,,,,,0.61,0,0,0,0,0,0,0,0,0,0,0,0,0,0,0,0,0,0,0,0,0,0,0,0,0,0,0,0,0,0,0,0,0,0,0,0,0,0,0,0,0,0,0,0,0,0,0,0,0,0,0,0,0,0,0,0,0,0,0,0,0,0,0,0,0,0
Brunei,428697,YES,1988,0.00,0.00,0.00,5,0,0,0,0,5,0,0,0,0,0,0,0,0,0,-,0,0,0,0,BRN,0,0,0,,,,,0.00,0,0,0,0,0,0,0,0,0,0,0,0,0,0,0,0,0,0,0,0,0,0,0,0,0,0,0,0,0,0,0,0,0,0,0,0,0,0,0,0,0,0,0,0,0,0,0,0,0,0,0,0,0,0,0,0,0,0,0,0,0,0,0,0,0,0
Bulgaria,7084571,YES,1896,5.60,10.90,0.30,40,230,55,90,85,20,224,54,88,82,20,6,1,2,3,Weightlifting,37,12,17,8,BGR,0,0,0,,,,https://upload.wikimedia.org/wikipedia/commons/9/9a/Flag_of_Bulgaria.svg,32.46,0,0,0,0,0,19,0,0,24,0,0,2,0,18,28,0,0,1,0,0,0,3,0,0,32,0,0,10,0,0,0,0,3,0,0,0,0,0,0,0,0,18,0,34,0,0,0,16,3,0,0,0,0,0,3,0,0,0,1,0,0,0,22,0,36,69
Burkina Faso,19193382,YES,1988,0.00,0.00,0.00,9,1,0,0,1,9,1,0,0,1,0,0,0,0,0,-,0,0,0,0,BFA,0,0,0,,,,https://upload.wikimedia.org/wikipedia/commons/3/31/Flag_of_Burkina_Faso.svg,0.05,0,0,0,0,0,0,0,0,0,0,0,0,0,0,0,0,0,0,0,0,0,0,0,0,0,0,0,0,0,0,0,0,0,0,0,0,0,0,0,0,0,0,0,0,0,0,0,0,0,0,0,0,0,0,0,0,0,0,0,0,0,0,0,0,0,0
Burundi,10864245,YES,1996,0.33,0.33,0.00,6,2,1,1,0,6,2,1,1,0,0,0,0,0,0,Athletics,2,1,1,0,BDI,0,0,0,,,,https://upload.wikimedia.org/wikipedia/commons/5/50/Flag_of_Burundi.svg,0.18,0,0,0,0,0,2,0,0,0,0,0,0,0,0,0,0,0,0,0,0,0,0,0,0,0,0,0,0,0,0,0,0,0,0,0,0,0,0,0,0,0,0,0,0,0,0,0,0,0,0,0,0,0,0,0,0,0,0,0,0,0,0,0,0,0,0
Cambodia,16005373,YES,1956,0.00,0.00,0.00,9,0,0,0,0,9,0,0,0,0,0,0,0,0,0,-,0,0,0,0,KHM,0,0,0,,,,https://upload.wikimedia.org/wikipedia/commons/8/83/Flag_of_Cambodia.svg,0.00,0,0,0,0,0,0,0,0,0,0,0,0,0,0,0,0,0,0,0,0,0,0,0,0,0,0,0,0,0,0,0,0,0,0,0,0,0,0,0,0,0,0,0,0,0,0,0,0,0,0,0,0,0,0,0,0,0,0,0,0,0,0,0,0,0,0
Cameroon,24053727,YES,1964,0.40,0.43,0.00,15,6,3,1,2,14,6,3,1,2,1,0,0,0,0,Athletics,2,2,0,0,CMR,0,0,0,,,,https://upload.wikimedia.org/wikipedia/commons/4/4f/Flag_of_Cameroon.svg,0.25,0,0,0,0,0,2,0,0,0,0,0,0,0,2,0,0,0,0,0,0,0,0,0,0,18,0,0,0,0,0,0,0,0,0,0,0,0,0,0,0,0,0,0,0,0,0,0,0,0,0,0,0,0,0,0,0,0,0,0,0,0,0,0,0,0,0
Canada,36624199,YES,1896,10.22,11.62,8.65,49,525,144,172,209,26,326,71,108,147,23,199,73,64,62,Ice Hockey,22,13,6,3,CAN,3,1,2,"1976 Summer Olympics (Montreal), 1988 Winter Olympics (Calgary), 2010 Winter Olympics (Vancouver)","Decathlon:, Damian Warner 9018 pts",,https://upload.wikimedia.org/wikipedia/en/c/cf/Flag_of_Canada.svg,14.33,0,11,0,0,2,98,0,0,9,0,2,3,18,17,33,0,0,4,48,23,18,17,0,43,49,18,1,1,0,0,348,0,5,36,0,0,0,0,0,0,0,1,0,203,0,12,25,24,70,4,0,7,0,45,98,26,0,2,2,7,2,0,0,0,3,17
Cape Verde,546388,YES,1996,0.00,0.00,0.00,6,0,0,0,0,6,0,0,0,0,0,0,0,0,0,-,0,0,0,0,CPV,0,0,0,,,,,0.00,0,0,0,0,0,0,0,0,0,0,0,0,0,0,0,0,0,0,0,0,0,0,0,0,0,0,0,0,0,0,0,0,0,0,0,0,0,0,0,0,0,0,0,0,0,0,0,0,0,0,0,0,0,0,0,0,0,0,0,0,0,0,0,0,0,0
Cayman Islands,61559,YES,1976,0.00,0.00,0.00,12,0,0,0,0,10,0,0,0,0,2,0,0,0,0,-,0,0,0,0,CYM,0,0,0,,,,,0.00,0,0,0,0,0,0,0,0,0,0,0,0,0,0,0,0,0,0,0,0,0,0,0,0,0,0,0,0,0,0,0,0,0,0,0,0,0,0,0,0,0,0,0,0,0,0,0,0,0,0,0,0,0,0,0,0,0,0,0,0,0,0,0,0,0,0
Central African Republic,4659080,YES,1968,0.00,0.00,0.00,10,0,0,0,0,10,0,0,0,0,0,0,0,0,0,-,0,0,0,0,CAF,0,0,0,,,,https://upload.wikimedia.org/wikipedia/commons/6/6f/Flag_of_the_Central_African_Republic.svg,0.00,0,0,0,0,0,0,0,0,0,0,0,0,0,0,0,0,0,0,0,0,0,0,0,0,0,0,0,0,0,0,0,0,0,0,0,0,0,0,0,0,0,0,0,0,0,0,0,0,0,0,0,0,0,0,0,0,0,0,0,0,0,0,0,0,0,0
Chad,14899994,YES,1964,0.00,0.00,0.00,12,0,0,0,0,12,0,0,0,0,0,0,0,0,0,-,0,0,0,0,TCD,0,0,0,,,,https://upload.wikimedia.org/wikipedia/commons/4/4b/Flag_of_Chad.svg,0.00,0,0,0,0,0,0,0,0,0,0,0,0,0,0,0,0,0,0,0,0,0,0,0,0,0,0,0,0,0,0,0,0,0,0,0,0,0,0,0,0,0,0,0,0,0,0,0,0,0,0,0,0,0,0,0,0,0,0,0,0,0,0,0,0,0,0
Chile,18054726,YES,1896,0.33,0.57,0.00,40,13,2,7,4,23,13,2,7,4,17,0,0,0,0,Tennis,4,2,1,1,CHL,0,0,0,,,,https://upload.wikimedia.org/wikipedia/commons/7/78/Flag_of_Chile.svg,0.72,0,0,0,0,0,2,0,0,0,0,0,0,0,3,0,0,0,0,0,0,0,4,0,0,17,0,0,0,0,0,0,0,0,0,0,0,0,0,0,0,0,0,0,0,0,0,0,1,0,0,0,0,0,0,0,0,0,0,5,0,0,0,0,0,0,0
China,1409517397,YES,1952,28.95,54.60,5.64,21,696,275,227,194,10,634,262,199,173,11,62,13,28,21,Table Tennis,53,28,17,8,CHN,1,1,0,2008 Summer Olympics (Beijing),"110 meters hurdles:, Liu Xiang 12.91 sec, 20 km walk:, Chen Ding 1:18.46 hr",,https://upload.wikimedia.org/wikipedia/commons/f/fa/Flag_of_the_People%27s_Republic_of_China.svg,0.49,0,0,0,19,0,27,64,0,23,0,4,0,0,12,4,0,0,0,4,9,88,0,30,12,15,8,1,109,13,16,0,0,22,0,0,0,1,0,0,0,0,6,0,29,0,0,6,56,49,0,0,0,15,7,70,31,81,10,4,11,0,0,66,0,57,10
Republic of China,541670000,NO,1932,0.00,0.00,0.00,3,0,0,0,0,3,0,0,0,0,0,0,0,0,0,-,0,0,0,0,XRC,0,0,0,,,,,0.00,0,0,0,0,0,0,0,0,0,0,0,0,0,0,0,0,0,0,0,0,0,0,0,0,0,0,0,0,0,0,0,0,0,0,0,0,0,0,0,0,0,0,0,0,0,0,0,0,0,0,0,0,0,0,0,0,0,0,0,0,0,0,0,0,0,0
Chinese Taipei,23577271,YES,1956,0.92,1.71,0.00,26,36,7,11,18,14,36,7,11,18,12,0,0,0,0,Taekwondo,8,2,1,5,TWN,0,0,0,,,,,1.53,0,0,0,9,0,2,0,20,0,0,0,0,0,0,0,0,0,0,0,0,0,0,0,0,0,0,0,0,0,0,0,0,0,0,0,0,0,0,0,0,0,0,0,0,0,0,0,0,0,0,0,0,0,0,0,0,2,8,0,0,0,0,0,0,8,0
Colombia,49065615,YES,1932,1.05,1.16,0.00,21,27,5,11,11,19,27,5,11,11,2,0,0,0,0,Cycling,6,2,1,3,COL,0,0,0,,,,https://upload.wikimedia.org/wikipedia/commons/2/21/Flag_of_Colombia.svg,0.55,0,0,0,0,0,3,0,0,0,0,0,0,0,5,0,0,0,0,0,6,0,0,0,0,0,0,0,0,0,0,0,0,2,0,0,0,0,0,0,0,0,0,0,0,0,0,0,2,0,0,0,0,0,0,0,0,0,1,0,0,0,1,0,0,6,2
Comoros,813912,YES,1996,0.00,0.00,0.00,6,0,0,0,0,6,0,0,0,0,0,0,0,0,0,-,0,0,0,0,COM,0,0,0,,,,https://upload.wikimedia.org/wikipedia/commons/9/94/Flag_of_the_Comoros.svg,0.00,0,0,0,0,0,0,0,0,0,0,0,0,0,0,0,0,0,0,0,0,0,0,0,0,0,0,0,0,0,0,0,0,0,0,0,0,0,0,0,0,0,0,0,0,0,0,0,0,0,0,0,0,0,0,0,0,0,0,0,0,0,0,0,0,0,0
Congo,5260750,YES,1964,0.00,0.00,0.00,12,0,0,0,0,12,0,0,0,0,0,0,0,0,0,-,0,0,0,0,COG,0,0,0,,,,,0.00,0,0,0,0,0,0,0,0,0,0,0,0,0,0,0,0,0,0,0,0,0,0,0,0,0,0,0,0,0,0,0,0,0,0,0,0,0,0,0,0,0,0,0,0,0,0,0,0,0,0,0,0,0,0,0,0,0,0,0,0,0,0,0,0,0,0
Cook Islands,17380,YES,1988,0.00,0.00,0.00,8,0,0,0,0,8,0,0,0,0,0,0,0,0,0,-,0,0,0,0,COK,0,0,0,,,,,0.00,0,0,0,0,0,0,0,0,0,0,0,0,0,0,0,0,0,0,0,0,0,0,0,0,0,0,0,0,0,0,0,0,0,0,0,0,0,0,0,0,0,0,0,0,0,0,0,0,0,0,0,0,0,0,0,0,0,0,0,0,0,0,0,0,0,0
Costa Rica,4905769,YES,1936,0.19,0.27,0.00,21,4,1,1,2,15,4,1,1,2,6,0,0,0,0,Swimming,4,1,1,2,CRI,0,0,0,,,,https://upload.wikimedia.org/wikipedia/commons/f/f2/Flag_of_Costa_Rica.svg,0.82,0,0,0,0,0,0,0,0,0,0,0,0,0,0,0,0,0,0,0,0,0,0,0,0,0,0,0,0,0,0,0,0,0,0,0,0,0,0,0,0,0,0,0,0,0,0,0,0,0,0,0,0,0,0,4,0,0,0,0,0,0,0,0,0,0,0
Croatia,4189353,YES,1992,2.93,4.71,1.38,15,52,18,19,15,7,41,14,13,14,8,11,4,6,1,Alpine Skiing,10,4,6,0,HRV,0,0,0,,,,https://upload.wikimedia.org/wikipedia/commons/1/1b/Flag_of_Croatia.svg,12.41,0,10,0,0,0,5,0,0,12,0,0,1,0,1,0,0,0,0,0,0,0,0,0,0,0,0,0,1,46,0,0,0,0,0,0,0,0,0,0,0,0,0,0,18,0,0,3,3,0,0,0,0,0,0,1,0,0,3,5,0,0,0,0,38,2,0
Cuba,11484636,YES,1900,11.30,11.30,0.00,20,241,85,71,85,20,241,85,71,85,0,0,0,0,0,Boxing,73,37,19,17,CUB,0,0,0,,,"Javelin throw:, Olseidys MenÃ©ndez 71.53 m",https://upload.wikimedia.org/wikipedia/commons/b/bd/Flag_of_Cuba.svg,20.98,0,0,0,0,0,58,0,112,12,0,0,0,0,73,5,0,0,0,0,1,0,0,20,0,0,0,0,0,0,0,0,0,36,0,0,0,0,0,0,0,0,0,0,0,0,0,2,4,0,0,0,0,0,0,2,0,0,5,0,0,0,0,52,0,5,22
Cyprus,1179551,YES,1980,0.05,0.10,0.00,21,1,0,1,0,10,1,0,1,0,11,0,0,0,0,Sailing,1,0,1,0,CYP,0,0,0,,,,https://upload.wikimedia.org/wikipedia/commons/d/d4/Flag_of_Cyprus.svg,0.85,0,0,0,0,0,0,0,0,0,0,0,0,0,0,0,0,0,0,0,0,0,0,0,0,0,0,0,0,0,0,0,0,0,0,0,0,0,0,0,0,0,0,0,0,0,0,1,0,0,0,0,0,0,0,0,0,0,0,0,0,0,0,0,0,0,0
Czech Republic,10618303,YES,1994,6.69,9.33,4.43,13,98,28,32,38,6,67,19,21,27,7,31,9,11,11,Canoeing,14,4,5,5,CZE,0,0,0,,,,,9.23,0,1,0,0,0,12,0,0,0,0,0,8,0,1,24,0,0,12,0,2,0,0,0,0,0,1,0,0,0,0,45,0,1,0,0,0,2,0,0,0,0,0,0,8,0,0,1,9,0,0,0,1,0,5,0,0,0,0,10,0,1,0,0,0,0,0
Czechoslovakia,15600000,NO,1920,5.25,8.94,1.56,32,168,51,57,60,16,143,49,49,45,16,25,2,8,15,Gymnastics,35,12,13,10,XCS,0,0,0,,,,,10.77,0,1,0,0,3,24,0,0,0,0,0,0,0,6,18,0,0,11,0,13,2,1,0,5,33,0,0,78,16,16,139,0,1,0,0,0,4,0,0,0,0,0,0,45,0,0,0,9,0,0,10,0,0,0,0,0,0,0,7,0,0,0,23,0,8,15
Denmark,5733551,YES,1896,4.76,7.19,0.07,41,206,48,79,79,27,205,48,78,79,14,1,0,1,0,Sailing,30,12,9,9,DNK,0,0,0,,,,https://upload.wikimedia.org/wikipedia/commons/9/9c/Flag_of_Denmark.svg,35.93,0,0,0,0,9,7,12,0,0,0,0,0,0,12,22,0,0,0,5,52,2,8,6,0,65,0,0,111,59,12,0,0,0,0,0,0,0,0,0,0,0,0,0,79,0,0,66,27,0,0,0,0,0,0,21,0,2,0,1,0,0,3,0,0,3,13
Djibouti,956985,YES,1984,0.13,0.13,0.00,8,1,0,0,1,8,1,0,0,1,0,0,0,0,0,Athletics,1,0,0,1,DJI,0,0,0,,,,https://upload.wikimedia.org/wikipedia/commons/3/34/Flag_of_Djibouti.svg,1.04,0,0,0,0,0,1,0,0,0,0,0,0,0,0,0,0,0,0,0,0,0,0,0,0,0,0,0,0,0,0,0,0,0,0,0,0,0,0,0,0,0,0,0,0,0,0,0,0,0,0,0,0,0,0,0,0,0,0,0,0,0,0,0,0,0,0
Dominica,73925,YES,1996,0.00,0.00,0.00,7,0,0,0,0,6,0,0,0,0,1,0,0,0,0,-,0,0,0,0,DMA,0,0,0,,,,https://upload.wikimedia.org/wikipedia/commons/c/c4/Flag_of_Dominica.svg,0.00,0,0,0,0,0,0,0,0,0,0,0,0,0,0,0,0,0,0,0,0,0,0,0,0,0,0,0,0,0,0,0,0,0,0,0,0,0,0,0,0,0,0,0,0,0,0,0,0,0,0,0,0,0,0,0,0,0,0,0,0,0,0,0,0,0,0
Dominican Republic,10766998,YES,1964,0.50,0.50,0.00,14,12,3,5,4,14,12,3,5,4,0,0,0,0,0,Athletics,3,2,1,0,DOM,0,0,0,,,,https://upload.wikimedia.org/wikipedia/commons/9/9f/Flag_of_the_Dominican_Republic.svg,1.11,0,0,0,0,0,3,0,0,0,0,0,0,0,2,0,0,0,0,0,0,0,0,0,0,0,0,0,0,0,0,0,0,0,0,0,0,0,0,0,0,0,0,0,0,0,0,0,0,0,0,0,0,0,0,0,0,0,2,0,0,0,0,0,0,0,0
DR Congo,81339988,YES,1984,0.00,0.00,0.00,10,0,0,0,0,10,0,0,0,0,0,0,0,0,0,-,0,0,0,0,COD,0,0,0,,,,,0.00,0,0,0,0,0,0,0,0,0,0,0,0,0,0,0,0,0,0,0,0,0,0,0,0,0,0,0,0,0,0,0,0,0,0,0,0,0,0,0,0,0,0,0,0,0,0,0,0,0,0,0,0,0,0,0,0,0,0,0,0,0,0,0,0,0,0
East Timor,1296311,YES,2004,0.00,0.00,0.00,4,0,0,0,0,4,0,0,0,0,0,0,0,0,0,-,0,0,0,0,TLS,0,0,0,,,,,0.00,0,0,0,0,0,0,0,0,0,0,0,0,0,0,0,0,0,0,0,0,0,0,0,0,0,0,0,0,0,0,0,0,0,0,0,0,0,0,0,0,0,0,0,0,0,0,0,0,0,0,0,0,0,0,0,0,0,0,0,0,0,0,0,0,0,0
Ecuador,16624858,YES,1924,0.13,0.14,0.00,15,5,3,2,0,14,5,3,2,0,1,0,0,0,0,Athletics,2,1,1,0,ECU,0,0,0,,,,https://upload.wikimedia.org/wikipedia/commons/e/e8/Flag_of_Ecuador.svg,0.30,0,0,0,0,0,2,0,0,0,0,0,0,0,0,0,0,0,0,0,0,0,0,0,0,0,0,0,0,0,0,0,0,0,0,0,0,0,0,0,0,0,0,0,0,0,0,0,0,0,0,0,0,0,0,0,0,0,0,0,0,0,0,0,0,0,0
Egypt,97553151,YES,1912,1.39,1.45,0.00,23,38,8,11,19,22,38,8,11,19,1,0,0,0,0,Weightlifting,14,5,3,6,EGY,0,0,0,,,,https://upload.wikimedia.org/wikipedia/commons/f/fe/Flag_of_Egypt.svg,0.39,0,0,0,0,0,0,0,0,0,0,0,0,0,3,0,0,0,0,0,0,2,0,1,0,0,0,0,0,0,0,0,0,2,0,0,0,0,0,0,0,0,0,0,0,0,0,0,0,0,0,0,0,0,0,0,0,0,2,0,0,0,0,0,0,11,6
El Salvador,6377853,YES,1968,0.00,0.00,0.00,11,0,0,0,0,11,0,0,0,0,0,0,0,0,0,-,0,0,0,0,SLV,0,0,0,,,,https://upload.wikimedia.org/wikipedia/commons/3/34/Flag_of_El_Salvador.svg,0.00,0,0,0,0,0,0,0,0,0,0,0,0,0,0,0,0,0,0,0,0,0,0,0,0,0,0,0,0,0,0,0,0,0,0,0,0,0,0,0,0,0,0,0,0,0,0,0,0,0,0,0,0,0,0,0,0,0,0,0,0,0,0,0,0,0,0
Equatorial Guinea,1267689,YES,1984,0.00,0.00,0.00,9,0,0,0,0,9,0,0,0,0,0,0,0,0,0,-,0,0,0,0,GNQ,0,0,0,,,,https://upload.wikimedia.org/wikipedia/commons/3/31/Flag_of_Equatorial_Guinea.svg,0.00,0,0,0,0,0,0,0,0,0,0,0,0,0,0,0,0,0,0,0,0,0,0,0,0,0,0,0,0,0,0,0,0,0,0,0,0,0,0,0,0,0,0,0,0,0,0,0,0,0,0,0,0,0,0,0,0,0,0,0,0,0,0,0,0,0,0
Eritrea,5068831,YES,2000,0.17,0.20,0.00,6,1,0,0,1,5,1,0,0,1,1,0,0,0,0,Athletics,1,0,0,1,ERI,0,0,0,,,,https://upload.wikimedia.org/wikipedia/commons/2/29/Flag_of_Eritrea.svg,0.20,0,0,0,0,0,1,0,0,0,0,0,0,0,0,0,0,0,0,0,0,0,0,0,0,0,0,0,0,0,0,0,0,0,0,0,0,0,0,0,0,0,0,0,0,0,0,0,0,0,0,0,0,0,0,0,0,0,0,0,0,0,0,0,0,0,0
Estonia,1309632,YES,1920,1.86,2.83,0.70,22,43,14,11,18,12,36,10,9,17,10,7,4,2,1,Wrestling,11,5,2,4,EST,0,0,0,,,,https://upload.wikimedia.org/wikipedia/commons/8/8f/Flag_of_Estonia.svg,32.83,0,0,0,0,0,6,0,0,0,0,0,0,0,1,0,0,0,7,0,1,0,0,0,0,0,0,0,0,0,0,0,0,3,0,0,0,0,0,0,0,0,0,0,7,0,0,7,0,0,0,0,0,0,0,0,0,0,0,0,0,0,0,0,0,7,11
Ethiopia,104957438,YES,1956,3.60,4.15,0.00,15,58,23,12,23,13,58,23,12,23,2,0,0,0,0,Athletics,54,22,11,21,ETH,0,0,0,,"5 000 meters:, Kenenisa Bekele 12:57.82 min, 10 000 meters:, Kenenisa Bekele 27:01.17 min","10 000 meters:, Almaz Ayana 29:17.45 min, Marathon:, Tiki Gelana 2:23:07",https://upload.wikimedia.org/wikipedia/commons/7/71/Flag_of_Ethiopia.svg,0.55,0,0,0,0,0,53,0,0,0,0,0,0,0,0,0,0,0,0,0,0,0,0,0,0,0,0,0,0,0,0,0,0,0,0,0,0,0,0,0,0,0,0,0,0,0,0,0,0,0,0,0,0,0,0,0,0,0,0,0,0,0,0,0,0,0,0
Fiji,905502,YES,1956,0.06,0.07,0.00,17,3,2,0,1,14,3,2,0,1,3,0,0,0,0,Rugby,1,1,0,0,FJI,0,0,0,,,,https://upload.wikimedia.org/wikipedia/commons/b/ba/Flag_of_Fiji.svg,3.31,0,0,0,0,0,0,0,0,0,0,0,0,0,0,0,0,0,0,0,0,0,0,0,0,0,0,0,0,0,0,0,0,0,0,0,0,0,0,0,0,0,0,0,0,0,13,0,0,0,0,0,0,0,0,0,0,0,0,0,0,0,0,0,0,0,0
Finland,5523231,YES,1908,9.79,12.12,7.26,48,472,144,148,180,25,305,101,85,119,23,167,43,63,61,Athletics,114,48,36,30,FIN,1,1,0,1952 Summer Olympics (Helsinki),,,https://upload.wikimedia.org/wikipedia/commons/b/bc/Flag_of_Finland.svg,85.46,0,1,0,6,5,138,0,0,0,0,0,12,0,15,14,0,0,141,4,0,0,0,0,4,0,4,0,99,0,0,174,0,0,0,0,4,11,0,23,0,0,0,0,16,0,0,35,41,0,0,34,3,0,24,4,0,0,0,0,0,0,0,0,0,3,85
France,64979548,YES,1896,16.47,25.57,5.39,51,873,258,288,327,28,749,222,253,274,23,124,36,35,53,Fencing,118,42,41,35,FRA,5,2,3,"1900 Summer Olympics (Paris), 1924 Winter Olympics (Chamonix), 1924 Summer Olympics (Paris), 1968 Winter Olympics (Grenoble), 1992 Winter Olympics (Albertville)",,"400 meters:, Marie-JosÃ© PÃ©rec 48.25 sec",https://upload.wikimedia.org/wikipedia/en/c/c3/Flag_of_France.svg,13.43,0,45,0,48,15,116,0,0,38,0,0,40,4,25,53,3,8,5,4,151,1,79,310,18,32,12,0,58,77,0,0,0,49,0,0,4,7,1,7,4,0,0,0,119,49,0,117,69,0,0,1,10,0,0,80,2,3,7,38,0,0,5,0,30,16,17
Gabon,2025137,YES,1972,0.10,0.10,0.00,10,1,0,1,0,10,1,0,1,0,0,0,0,0,0,Taekwondo,1,0,1,0,GAB,0,0,0,,,,https://upload.wikimedia.org/wikipedia/commons/0/04/Flag_of_Gabon.svg,0.49,0,0,0,0,0,0,0,0,0,0,0,0,0,0,0,0,0,0,0,0,0,0,0,0,0,0,0,0,0,0,0,0,0,0,0,0,0,0,0,0,0,0,0,0,0,0,0,0,0,0,0,0,0,0,0,0,0,1,0,0,0,0,0,0,0,0
Georgia,3912061,YES,1994,2.54,5.50,0.00,13,41,10,13,18,6,41,10,13,18,7,0,0,0,0,Wrestling,18,3,5,10,GEO,0,0,0,,,,https://upload.wikimedia.org/wikipedia/commons/0/0f/Flag_of_Georgia.svg,10.48,0,0,0,0,0,0,0,0,0,0,0,0,0,1,0,0,0,0,0,0,0,0,0,0,0,0,0,0,0,0,0,0,8,0,0,0,0,0,0,0,0,0,0,0,0,0,0,1,0,0,0,0,0,0,0,0,0,0,0,0,0,0,0,0,4,18
Germany,82114224,YES,1896,30.54,38.44,20.00,28,892,293,293,306,16,652,201,205,246,12,240,92,88,60,Canoeing,70,32,18,20,DEU,3,2,1,"1936 Winter Olympics (Garmisch-Partenkirchen), 1936 Summer Olympics (Berlin), 1972 Summer Olympics (Munich)",,"Shot put:, Ilona Slupianek 22.41 m (GDR), Discus throw:, Martina Hellman 72.30 m",https://upload.wikimedia.org/wikipedia/en/b/ba/Flag_of_Germany.svg,10.86,0,31,2,7,26,154,0,0,0,0,6,80,63,29,163,0,0,35,0,94,30,143,73,19,104,1,0,77,52,182,10,0,20,0,47,0,3,0,23,0,0,0,0,236,15,0,40,31,0,2,26,5,0,47,156,0,16,2,15,2,2,9,0,27,25,35
East Germany,16110000,NO,1968,47.18,81.80,18.33,11,519,192,165,162,5,409,153,129,127,6,110,39,36,35,Athletics,109,38,36,35,XEG,0,0,0,,,,,32.22,0,0,0,0,0,140,0,0,0,0,0,20,38,13,52,0,0,10,0,33,7,0,1,14,51,0,0,86,42,0,0,0,9,0,37,0,0,0,7,0,0,0,0,184,0,0,15,16,0,0,7,0,0,29,152,0,0,0,0,0,0,0,24,0,11,7
United Team of Germany,79360000,NO,1956,22.83,39.33,6.33,6,137,36,60,41,3,118,28,54,36,3,19,8,6,5,Equestrian,14,5,5,4,XUG,0,0,0,,,,,1.73,0,0,0,0,0,0,0,0,0,0,0,0,0,0,0,0,0,0,0,0,0,0,0,0,0,0,0,0,0,0,0,0,0,0,0,0,0,0,0,0,0,0,0,0,0,0,0,0,0,0,0,0,0,0,0,0,0,0,0,0,0,0,0,0,0,0
West Germany,63250000,NO,1968,22.09,40.80,6.50,11,243,67,82,94,5,204,56,67,81,6,39,11,15,13,Equestrian,25,11,5,9,XWG,0,0,0,,,,,3.84,0,9,0,0,0,71,0,0,0,0,0,14,16,6,14,0,0,0,0,28,0,62,48,3,18,0,0,1,15,66,18,0,8,0,14,0,0,0,5,0,0,1,0,51,0,0,14,11,0,0,0,0,0,3,59,0,0,0,3,0,0,0,0,12,7,9
Ghana,28833629,YES,1952,0.25,0.29,0.00,16,5,0,1,4,14,5,0,1,4,2,0,0,0,0,Boxing,3,0,1,2,GHA,0,0,0,,,,https://upload.wikimedia.org/wikipedia/commons/1/19/Flag_of_Ghana.svg,0.17,0,0,0,0,0,0,0,0,0,0,0,0,0,3,0,0,0,0,0,0,0,0,0,0,20,0,0,0,0,0,0,0,0,0,0,0,0,0,0,0,0,0,0,0,0,0,0,0,0,0,0,0,0,0,0,0,0,0,0,0,0,0,0,0,0,0
Great Britain,60800000,YES,1896,17.31,30.39,1.39,51,948,296,320,332,28,916,285,316,315,23,32,11,4,17,Athletics,205,55,80,70,GBR,3,3,0,"1908 Summer Olympics (London), 1948 Summer Olympics (London), 2012 Summer Olympics (London)",,,,15.59,0,0,12,13,9,338,6,0,0,0,0,0,14,56,22,21,0,0,17,182,13,83,28,20,45,0,3,51,0,163,22,2,19,12,0,0,11,6,0,30,10,0,0,270,30,12,143,99,1,6,0,1,0,0,127,0,0,6,67,1,5,40,0,28,7,17
Greece,11159773,YES,1896,2.47,4.14,0.00,47,120,35,44,41,28,120,35,44,41,19,0,0,0,0,Weightlifting,15,6,5,4,GRC,2,2,0,"1896 Summer Olympics (Athens), 2004 Summer Olympics (Athens)",,,https://upload.wikimedia.org/wikipedia/commons/5/5c/Flag_of_Greece.svg,10.75,0,0,0,0,1,37,0,0,0,0,0,0,0,0,0,0,0,0,0,4,2,0,12,0,11,0,0,12,0,0,0,0,2,0,0,0,0,0,0,0,0,6,0,55,0,0,16,25,0,0,0,0,0,0,7,0,0,4,13,0,0,8,0,13,16,11
Grenada,107825,YES,1984,0.22,0.22,0.00,9,3,1,1,1,9,3,1,1,1,0,0,0,0,0,Athletics,2,1,1,0,GRD,0,0,0,,,,https://upload.wikimedia.org/wikipedia/commons/b/bc/Flag_of_Grenada.svg,27.82,0,0,0,0,0,2,0,0,0,0,0,0,0,0,0,0,0,0,0,0,0,0,0,0,0,0,0,0,0,0,0,0,0,0,0,0,0,0,0,0,0,0,0,0,0,0,0,0,0,0,0,0,0,0,0,0,0,0,0,0,0,0,0,0,0,0
Guam,164229,YES,1988,0.00,0.00,0.00,9,0,0,0,0,8,0,0,0,0,1,0,0,0,0,-,0,0,0,0,GUM,0,0,0,,,,,0.00,0,0,0,0,0,0,0,0,0,0,0,0,0,0,0,0,0,0,0,0,0,0,0,0,0,0,0,0,0,0,0,0,0,0,0,0,0,0,0,0,0,0,0,0,0,0,0,0,0,0,0,0,0,0,0,0,0,0,0,0,0,0,0,0,0,0
Guatemala,16913503,YES,1952,0.07,0.07,0.00,15,1,0,1,0,14,1,0,1,0,1,0,0,0,0,Athletics,1,0,1,0,GTM,0,0,0,,,,https://upload.wikimedia.org/wikipedia/commons/e/ec/Flag_of_Guatemala.svg,0.06,0,0,0,0,0,1,0,0,0,0,0,0,0,0,0,0,0,0,0,0,0,0,0,0,0,0,0,0,0,0,0,0,0,0,0,0,0,0,0,0,0,0,0,0,0,0,0,0,0,0,0,0,0,0,0,0,0,0,0,0,0,0,0,0,0,0
Guinea,12717176,YES,1968,0.00,0.00,0.00,11,0,0,0,0,11,0,0,0,0,0,0,0,0,0,-,0,0,0,0,GIN,0,0,0,,,,https://upload.wikimedia.org/wikipedia/commons/e/ed/Flag_of_Guinea.svg,0.00,0,0,0,0,0,0,0,0,0,0,0,0,0,0,0,0,0,0,0,0,0,0,0,0,0,0,0,0,0,0,0,0,0,0,0,0,0,0,0,0,0,0,0,0,0,0,0,0,0,0,0,0,0,0,0,0,0,0,0,0,0,0,0,0,0,0
Guinea-Bissau,1861283,YES,1996,0.00,0.00,0.00,6,0,0,0,0,6,0,0,0,0,0,0,0,0,0,-,0,0,0,0,GNB,0,0,0,,,,https://upload.wikimedia.org/wikipedia/commons/0/01/Flag_of_Guinea-Bissau.svg,0.00,0,0,0,0,0,0,0,0,0,0,0,0,0,0,0,0,0,0,0,0,0,0,0,0,0,0,0,0,0,0,0,0,0,0,0,0,0,0,0,0,0,0,0,0,0,0,0,0,0,0,0,0,0,0,0,0,0,0,0,0,0,0,0,0,0,0
Guyana,777859,YES,1948,0.06,0.06,0.00,17,1,0,0,1,17,1,0,0,1,0,0,0,0,0,Boxing,1,0,0,1,GUY,0,0,0,,,,https://upload.wikimedia.org/wikipedia/commons/9/99/Flag_of_Guyana.svg,1.29,0,0,0,0,0,0,0,0,0,0,0,0,0,1,0,0,0,0,0,0,0,0,0,0,0,0,0,0,0,0,0,0,0,0,0,0,0,0,0,0,0,0,0,0,0,0,0,0,0,0,0,0,0,0,0,0,0,0,0,0,0,0,0,0,0,0
Haiti,10981229,YES,1900,0.13,0.13,0.00,15,2,0,1,1,15,2,0,1,1,0,0,0,0,0,Athletics,1,0,1,0,HTI,0,0,0,,,,https://upload.wikimedia.org/wikipedia/commons/5/56/Flag_of_Haiti.svg,0.18,0,0,0,0,0,1,0,0,0,0,0,0,0,0,0,0,0,0,0,0,0,0,0,0,0,0,0,0,0,0,0,0,0,0,0,0,0,0,0,0,0,0,0,0,1,0,0,5,0,0,0,0,0,0,0,0,0,0,0,0,0,0,0,0,0,0
Honduras,9265067,YES,1968,0.00,0.00,0.00,12,0,0,0,0,11,0,0,0,0,1,0,0,0,0,-,0,0,0,0,HND,0,0,0,,,,https://upload.wikimedia.org/wikipedia/commons/8/82/Flag_of_Honduras.svg,0.00,0,0,0,0,0,0,0,0,0,0,0,0,0,0,0,0,0,0,0,0,0,0,0,0,0,0,0,0,0,0,0,0,0,0,0,0,0,0,0,0,0,0,0,0,0,0,0,0,0,0,0,0,0,0,0,0,0,0,0,0,0,0,0,0,0,0
Hong Kong,7364883,YES,1952,0.14,0.19,0.00,21,9,2,3,4,16,9,2,3,4,5,0,0,0,0,Sailing,1,1,0,0,HKG,0,0,0,,,,,1.22,0,0,0,0,0,0,0,0,0,0,0,0,0,0,0,0,0,0,0,1,0,0,0,0,0,0,0,0,0,0,0,0,0,0,0,0,0,0,0,0,0,0,0,0,0,0,1,0,0,0,0,0,0,0,0,0,2,0,0,0,0,0,0,0,0,0
Hungary,9721559,YES,1896,10.16,18.88,0.30,49,518,182,156,180,26,511,181,154,176,23,7,1,2,4,Fencing,87,37,23,27,HUN,0,0,0,,,,https://upload.wikimedia.org/wikipedia/commons/c/c1/Flag_of_Hungary.svg,53.28,0,0,0,0,5,52,0,0,0,0,0,0,0,20,158,0,0,0,0,0,0,1,236,12,79,0,0,111,45,0,0,0,9,0,0,0,38,0,0,0,0,0,0,8,0,0,2,17,0,0,0,0,0,0,94,0,0,0,1,0,0,0,0,172,20,55
Iceland,335025,YES,1912,0.11,0.20,0.00,38,4,0,2,2,20,4,0,2,2,18,0,0,0,0,Handball,1,0,1,0,ISL,0,0,0,,,,https://upload.wikimedia.org/wikipedia/commons/c/ce/Flag_of_Iceland.svg,11.94,0,0,0,0,0,2,0,0,0,0,0,0,0,0,0,0,0,0,0,0,0,0,0,0,0,0,0,0,14,0,0,0,1,0,0,0,0,0,0,0,0,0,0,0,0,0,0,0,0,0,0,0,0,0,0,0,0,0,0,0,0,0,0,0,0,0
Independent Olympic Participants,0,NO,1992,3.00,1.25,5.33,7,21,2,7,12,4,5,1,1,3,3,16,1,6,9,-,0,0,0,0,XIP,0,0,0,,,,,0.00,0,0,0,0,0,0,0,0,0,0,0,0,0,0,0,0,0,0,0,0,0,0,0,0,0,0,0,0,0,0,0,0,0,0,0,0,0,0,0,0,0,0,0,0,0,0,0,0,0,0,0,0,0,0,0,0,0,0,0,0,0,0,0,0,0,0
India,1339180127,YES,1900,0.82,1.17,0.00,34,35,10,9,16,24,35,10,9,16,10,0,0,0,0,Field Hockey,11,8,1,2,IND,0,0,0,,,,https://upload.wikimedia.org/wikipedia/en/4/41/Flag_of_India.svg,0.03,0,0,7,0,0,2,2,0,0,0,0,0,0,2,0,0,0,0,0,0,0,0,0,0,0,0,0,0,0,173,0,0,0,0,0,0,0,0,0,0,0,0,0,0,0,0,0,4,0,0,0,0,0,0,0,0,0,0,1,0,0,0,0,0,1,5
Indonesia,263991379,YES,1952,2.13,2.13,0.00,15,37,8,14,15,15,37,8,14,15,0,0,0,0,0,Badminton,19,7,6,6,IDN,0,0,0,,,,https://upload.wikimedia.org/wikipedia/commons/9/9f/Flag_of_Indonesia.svg,0.14,0,0,0,3,0,0,28,0,0,0,0,0,0,0,0,0,0,0,0,0,0,0,0,0,0,0,0,0,0,0,0,0,0,0,0,0,0,0,0,0,0,0,0,0,0,0,0,0,0,0,0,0,0,0,0,0,0,0,0,0,0,0,0,0,10,0
Iran,81162788,YES,1900,2.56,4.31,0.00,27,76,22,24,30,16,76,22,24,30,11,0,0,0,0,Wrestling,43,9,14,20,IRN,0,0,0,,,,,0.94,0,0,0,0,0,1,0,0,0,0,0,0,0,0,0,0,0,0,0,0,0,0,0,0,0,0,0,0,0,0,0,0,0,0,0,0,0,0,0,0,0,0,0,0,0,0,0,0,0,0,0,0,0,0,0,0,0,6,0,0,0,0,0,0,18,43
Iraq,38274618,YES,1948,0.07,0.07,0.00,14,1,0,0,1,14,1,0,0,1,0,0,0,0,0,Weightlifting,1,0,0,1,IRQ,0,0,0,,,,https://upload.wikimedia.org/wikipedia/commons/f/f6/Flag_of_Iraq.svg,0.03,0,0,0,0,0,0,0,0,0,0,0,0,0,0,0,0,0,0,0,0,0,0,0,0,0,0,0,0,0,0,0,0,0,0,0,0,0,0,0,0,0,0,0,0,0,0,0,0,0,0,0,0,0,0,0,0,0,0,0,0,0,0,0,0,1,0
Ireland,4761657,YES,1924,1.11,1.48,0.00,28,35,11,10,14,21,35,11,10,14,7,0,0,0,0,Boxing,16,2,5,9,IRL,0,0,0,,,,https://upload.wikimedia.org/wikipedia/commons/4/45/Flag_of_Ireland.svg,7.35,0,0,0,0,3,6,0,0,0,0,0,0,0,16,0,0,0,0,0,0,0,1,0,0,0,0,0,0,0,0,0,0,0,0,0,0,0,0,0,0,0,0,0,2,0,0,3,0,0,0,0,0,0,0,4,0,0,0,0,0,0,0,0,0,0,0
Israel,8321570,YES,1952,0.39,0.56,0.00,23,13,3,1,9,16,13,3,1,9,7,0,0,0,0,Judo,5,0,1,4,ISR,0,0,0,,,,https://upload.wikimedia.org/wikipedia/commons/d/d4/Flag_of_Israel.svg,1.56,0,0,0,0,0,0,0,0,0,0,0,0,0,0,1,0,0,0,0,0,0,0,0,0,0,0,0,0,0,0,0,0,5,0,0,0,0,0,0,0,0,0,0,0,0,0,3,0,0,0,0,0,0,0,0,0,0,0,0,0,0,0,0,0,0,0
Italy,59359900,YES,1896,14.02,21.37,5.39,50,741,256,224,261,27,617,216,188,213,23,124,40,36,48,Fencing,125,49,43,33,ITA,3,1,2,"1956 Winter Olympics (Cortina d'Ampezzo), 1960 Summer Olympics (Rome), 2006 Summer Olympics (Turin)",,,https://upload.wikimedia.org/wikipedia/en/0/03/Flag_of_Italy.svg,12.48,0,30,0,15,14,72,0,0,24,0,2,10,32,47,23,0,0,61,0,124,12,46,359,3,48,0,0,109,0,0,0,0,15,0,24,0,13,0,1,0,0,12,0,183,0,0,26,43,21,1,0,2,0,6,27,0,0,3,1,0,0,0,72,120,15,21
Ivory Coast,24294750,YES,1964,0.23,0.23,0.00,13,4,1,1,2,13,4,1,1,2,0,0,0,0,0,Taekwondo,2,1,0,1,CIV,0,0,0,,,,,0.16,0,0,0,0,0,1,0,0,0,0,0,0,0,0,0,0,0,0,0,0,0,0,0,0,0,0,0,0,0,0,0,0,0,0,0,0,0,0,0,0,0,0,0,0,0,0,0,0,0,0,0,0,0,0,0,0,0,2,0,0,0,0,0,0,0,0
Jamaica,2890299,YES,1948,3.12,4.59,0.00,25,87,26,36,25,17,87,26,36,25,8,0,0,0,0,Athletics,77,22,35,20,JAM,0,0,0,,"100 meters:, Usain Bolt 9.63 sec, 200 meters:, Usain Bolt 19.30 sec, 4x100m relay:, Nesta carter, Michael Fater, Yohan Blake, Usain Bolt 36.84 sec","100 meters:, Elaine Thompson Herah 10.61 sec",https://upload.wikimedia.org/wikipedia/commons/0/0a/Flag_of_Jamaica.svg,30.10,0,0,0,0,0,156,0,0,0,0,0,0,0,0,0,0,0,0,0,1,0,0,0,0,0,0,0,0,0,0,0,0,0,0,0,0,0,0,0,0,0,0,0,0,0,0,0,0,0,0,0,0,0,0,0,0,0,0,0,0,0,0,0,0,0,0
Japan,127484450,YES,1912,11.56,19.95,2.76,43,555,183,172,200,22,497,169,150,178,21,58,14,22,22,Judo,84,39,19,26,JPN,4,2,2,"1964 Summer Olympics (Tokyo), 1972 Winter Olympics (Sapporo), 1998 Winter Olympics (Nagano), 2020 Summer Olympics (Tokyo)",,,https://upload.wikimedia.org/wikipedia/en/9/9e/Flag_of_Japan.svg,4.35,0,1,0,7,2,31,5,64,0,0,0,0,0,5,1,0,0,0,0,6,0,1,5,5,34,3,0,166,0,11,0,0,84,0,0,0,0,0,8,0,0,0,0,0,0,0,4,6,6,0,20,3,44,17,123,52,10,1,4,0,0,0,101,0,14,69
Jordan,9702353,YES,1980,0.10,0.10,0.00,10,3,1,1,1,10,3,1,1,1,0,0,0,0,0,Taekwondo,1,1,0,0,JOR,0,0,0,,,,https://upload.wikimedia.org/wikipedia/commons/c/c0/Flag_of_Jordan.svg,0.31,0,0,0,0,0,0,0,0,0,0,0,0,0,0,0,0,0,0,0,0,0,0,0,0,0,0,0,0,0,0,0,0,0,0,0,0,0,0,0,0,0,0,0,0,0,0,0,0,0,0,0,0,0,0,0,0,0,1,0,0,0,0,0,0,0,0
Kazakhstan,18204499,YES,1994,5.46,10.50,1.14,13,79,16,24,39,6,71,15,21,35,7,8,1,3,4,Boxing,22,7,7,8,KAZ,0,0,0,,,,https://upload.wikimedia.org/wikipedia/commons/d/d3/Flag_of_Kazakhstan.svg,4.34,0,0,0,0,0,4,0,0,0,0,0,1,0,22,0,0,0,4,0,2,0,0,0,1,0,0,0,0,0,0,0,0,3,0,0,0,1,0,0,0,0,0,0,0,0,0,0,3,0,0,0,0,0,1,1,0,0,1,0,0,0,0,0,0,16,17
Kenya,49699862,YES,1956,5.72,7.36,0.00,18,113,35,42,36,14,113,35,42,36,4,0,0,0,0,Athletics,96,30,37,29,KEN,0,0,0,,"800 meters:, David Rudisha 1:40.91 min, Marathon:, Samuel Wanjiru 2:06:32 hr, 3 000 m steeplechase:, Conseslus Kipruto 8:03.28 min","1 500 meters:, Faith Kipyegon 3:53.11 min, 5 000 meters:, Vivian Cheruiyot 14:26.17 min",https://upload.wikimedia.org/wikipedia/commons/4/49/Flag_of_Kenya.svg,2.27,0,0,0,0,0,99,0,0,0,0,0,0,0,7,0,0,0,0,0,0,0,0,0,0,0,0,0,0,0,0,0,0,0,0,0,0,0,0,0,0,0,0,0,0,0,0,0,0,0,0,0,0,0,0,0,0,0,0,0,0,0,0,0,0,0,0
Kiribati,116398,YES,2004,0.00,0.00,0.00,4,0,0,0,0,4,0,0,0,0,0,0,0,0,0,-,0,0,0,0,KIR,0,0,0,,,,https://upload.wikimedia.org/wikipedia/commons/d/d3/Flag_of_Kiribati.svg,0.00,0,0,0,0,0,0,0,0,0,0,0,0,0,0,0,0,0,0,0,0,0,0,0,0,0,0,0,0,0,0,0,0,0,0,0,0,0,0,0,0,0,0,0,0,0,0,0,0,0,0,0,0,0,0,0,0,0,0,0,0,0,0,0,0,0,0
Korea,76473177,NO,2018,0.00,0.00,0.00,1,0,0,0,0,0,0,0,0,0,1,0,0,0,0,-,0,0,0,0,XKR,0,0,0,,,,,0.00,0,0,0,0,0,0,0,0,0,0,0,0,0,0,0,0,0,0,0,0,0,0,0,0,0,0,0,0,0,0,0,0,0,0,0,0,0,0,0,0,0,0,0,0,0,0,0,0,0,0,0,0,0,0,0,0,0,0,0,0,0,0,0,0,0,0
"Korea, North",25490965,YES,1964,2.95,5.40,0.22,19,56,16,17,23,10,54,16,16,22,9,2,0,1,1,Weightlifting,17,5,8,4,PRK,0,0,0,,,,,2.20,0,0,0,0,0,0,0,0,0,0,0,0,0,8,0,0,0,0,0,0,0,0,0,0,0,0,0,3,0,0,0,0,8,0,0,0,0,0,0,0,0,0,0,0,0,0,0,3,1,0,0,0,0,1,0,0,5,0,0,0,0,0,11,0,17,10
"Korea, South",50982212,YES,1948,9.63,15.71,3.89,35,357,127,116,114,17,287,96,91,100,18,70,31,25,14,Short track speed skating,48,24,13,11,KOR,2,1,1,"1988 Summer Olympics (Seoul), 2018 Winter Olympics (Pyeongchang)",,,,7.00,0,0,0,69,0,2,35,48,11,0,0,0,0,20,0,0,0,0,0,0,0,0,20,2,18,0,1,9,96,48,0,0,43,0,0,0,0,0,0,0,0,0,0,0,0,0,0,16,73,0,0,0,0,11,4,0,33,19,0,0,0,0,12,0,12,36
Kosovo,1920079,YES,2016,0.50,1.00,0.00,2,3,3,0,0,1,3,3,0,0,1,0,0,0,0,Judo,1,1,0,0,XKO,0,0,0,,,,,1.56,0,0,0,0,0,0,0,0,0,0,0,0,0,0,0,0,0,0,0,0,0,0,0,0,0,0,0,0,0,0,0,0,1,0,0,0,0,0,0,0,0,0,0,0,0,0,0,0,0,0,0,0,0,0,0,0,0,0,0,0,0,0,0,0,0,0
Kuwait,4136528,YES,1968,0.17,0.17,0.00,12,3,0,0,3,12,3,0,0,3,0,0,0,0,0,Shooting,2,0,0,2,KWT,0,0,0,,,,https://upload.wikimedia.org/wikipedia/commons/a/aa/Flag_of_Kuwait.svg,0.73,0,0,0,0,0,0,0,0,0,0,0,0,0,0,0,0,0,0,0,0,0,0,0,0,0,0,0,0,0,0,0,0,0,0,0,0,0,0,0,0,0,0,0,0,0,0,0,2,0,0,0,0,0,0,0,0,0,0,0,0,0,0,0,0,0,0
Kyrgyzstan,6045117,YES,1994,0.31,0.67,0.00,13,7,0,3,4,6,7,0,3,4,7,0,0,0,0,Wrestling,4,0,1,3,KGZ,0,0,0,,,,https://upload.wikimedia.org/wikipedia/commons/c/c7/Flag_of_Kyrgyzstan.svg,1.16,0,0,0,0,0,0,0,0,0,0,0,0,0,0,0,0,0,0,0,0,0,0,0,0,0,0,0,0,0,0,0,0,1,0,0,0,0,0,0,0,0,0,0,0,0,0,0,0,0,0,0,0,0,0,0,0,0,0,0,0,0,0,0,0,0,2
Laos,6858160,YES,1980,0.00,0.00,0.00,9,0,0,0,0,9,0,0,0,0,0,0,0,0,0,-,0,0,0,0,LAO,0,0,0,,,,,0.00,0,0,0,0,0,0,0,0,0,0,0,0,0,0,0,0,0,0,0,0,0,0,0,0,0,0,0,0,0,0,0,0,0,0,0,0,0,0,0,0,0,0,0,0,0,0,0,0,0,0,0,0,0,0,0,0,0,0,0,0,0,0,0,0,0,0
Latvia,1949670,YES,1924,1.27,1.73,0.82,22,30,5,14,11,11,21,4,11,6,11,9,1,3,5,Cycling,3,2,0,1,LVA,0,0,0,,,,https://upload.wikimedia.org/wikipedia/commons/8/84/Flag_of_Latvia.svg,15.39,0,0,0,0,0,5,0,0,0,0,2,0,4,0,2,0,0,0,0,3,0,0,0,0,0,0,0,2,0,0,0,0,1,0,9,0,1,0,0,0,0,0,0,0,0,0,0,1,0,2,0,0,0,0,0,0,0,0,0,0,0,0,0,0,2,1
Lebanon,6082357,YES,1948,0.12,0.24,0.00,34,4,0,2,2,17,4,0,2,2,17,0,0,0,0,Wrestling,3,0,1,2,LBN,0,0,0,,,,https://upload.wikimedia.org/wikipedia/commons/5/59/Flag_of_Lebanon.svg,0.66,0,0,0,0,0,0,0,0,0,0,0,0,0,0,0,0,0,0,0,0,0,0,0,0,0,0,0,0,0,0,0,0,0,0,0,0,0,0,0,0,0,0,0,0,0,0,0,0,0,0,0,0,0,0,0,0,0,0,0,0,0,0,0,0,1,3
Lesotho,2233339,YES,1972,0.00,0.00,0.00,11,0,0,0,0,11,0,0,0,0,0,0,0,0,0,-,0,0,0,0,LSO,0,0,0,,,,https://upload.wikimedia.org/wikipedia/commons/4/4a/Flag_of_Lesotho.svg,0.00,0,0,0,0,0,0,0,0,0,0,0,0,0,0,0,0,0,0,0,0,0,0,0,0,0,0,0,0,0,0,0,0,0,0,0,0,0,0,0,0,0,0,0,0,0,0,0,0,0,0,0,0,0,0,0,0,0,0,0,0,0,0,0,0,0,0
Liberia,4731906,YES,1956,0.00,0.00,0.00,12,0,0,0,0,12,0,0,0,0,0,0,0,0,0,-,0,0,0,0,LBR,0,0,0,,,,https://upload.wikimedia.org/wikipedia/commons/b/b8/Flag_of_Liberia.svg,0.00,0,0,0,0,0,0,0,0,0,0,0,0,0,0,0,0,0,0,0,0,0,0,0,0,0,0,0,0,0,0,0,0,0,0,0,0,0,0,0,0,0,0,0,0,0,0,0,0,0,0,0,0,0,0,0,0,0,0,0,0,0,0,0,0,0,0
Libya,6374616,YES,1964,0.00,0.00,0.00,10,0,0,0,0,10,0,0,0,0,0,0,0,0,0,-,0,0,0,0,LBY,0,0,0,,,,https://upload.wikimedia.org/wikipedia/commons/0/05/Flag_of_Libya.svg,0.00,0,0,0,0,0,0,0,0,0,0,0,0,0,0,0,0,0,0,0,0,0,0,0,0,0,0,0,0,0,0,0,0,0,0,0,0,0,0,0,0,0,0,0,0,0,0,0,0,0,0,0,0,0,0,0,0,0,0,0,0,0,0,0,0,0,0
Liechtenstein,37922,YES,1936,0.28,0.00,0.53,36,10,2,2,6,17,0,0,0,0,19,10,2,2,6,Alpine Skiing,10,2,2,6,LIE,0,0,0,,,,https://upload.wikimedia.org/wikipedia/commons/4/47/Flag_of_Liechtenstein.svg,263.70,0,9,0,0,0,0,0,0,0,0,0,0,0,0,0,0,0,0,0,0,0,0,0,0,0,0,0,0,0,0,0,0,0,0,0,0,0,0,0,0,0,0,0,0,0,0,0,0,0,0,0,0,0,0,0,0,0,0,0,0,0,0,0,0,0,0
Lithuania,2890297,YES,1924,1.44,2.89,0.00,18,27,6,8,13,9,27,6,8,13,9,0,0,0,0,Modern pentathlon,4,1,2,1,LTU,0,0,0,,"Discus throw:, Virgilijus Alekna 69.89 m",,https://upload.wikimedia.org/wikipedia/commons/1/11/Flag_of_Lithuania.svg,9.34,0,0,0,0,0,5,0,0,35,0,0,0,0,1,3,0,0,0,0,1,0,0,0,0,0,0,0,0,0,0,0,0,0,0,0,0,4,0,0,0,0,0,0,6,0,0,1,1,0,0,0,0,0,0,1,0,0,0,0,0,0,0,0,0,1,2
Luxembourg,583455,YES,1900,0.13,0.09,0.22,32,4,1,3,0,23,2,1,1,0,9,2,0,2,0,Alpine Skiing,2,0,2,0,LUX,0,0,0,,,,https://upload.wikimedia.org/wikipedia/commons/d/da/Flag_of_Luxembourg.svg,6.86,0,2,0,0,3,2,0,0,0,0,0,0,0,0,0,0,0,0,0,0,0,0,0,0,0,0,0,0,0,0,0,0,0,0,0,0,0,0,0,0,0,0,0,0,0,0,0,0,0,0,0,0,0,0,0,0,0,0,0,0,0,0,0,0,1,0
Macedonia,2083160,YES,1996,0.08,0.17,0.00,12,2,0,1,1,6,2,0,1,1,6,0,0,0,0,Wrestling,1,0,0,1,MKD,0,0,0,,,,,0.96,0,0,0,0,0,0,0,0,0,0,0,0,0,0,0,0,0,0,0,0,0,0,0,0,0,0,0,0,0,0,0,0,0,0,0,0,0,0,0,0,0,0,0,0,0,0,0,0,0,0,0,0,0,0,0,0,0,0,0,0,0,0,0,0,0,1
Madagascar,25570895,YES,1964,0.00,0.00,0.00,14,0,0,0,0,12,0,0,0,0,2,0,0,0,0,-,0,0,0,0,MDG,0,0,0,,,,https://upload.wikimedia.org/wikipedia/commons/b/bc/Flag_of_Madagascar.svg,0.00,0,0,0,0,0,0,0,0,0,0,0,0,0,0,0,0,0,0,0,0,0,0,0,0,0,0,0,0,0,0,0,0,0,0,0,0,0,0,0,0,0,0,0,0,0,0,0,0,0,0,0,0,0,0,0,0,0,0,0,0,0,0,0,0,0,0
Malawi,18622104,YES,1972,0.00,0.00,0.00,12,0,0,0,0,10,0,0,0,0,2,0,0,0,0,-,0,0,0,0,MWI,0,0,0,,,,https://upload.wikimedia.org/wikipedia/commons/d/d1/Flag_of_Malawi.svg,0.00,0,0,0,0,0,0,0,0,0,0,0,0,0,0,0,0,0,0,0,0,0,0,0,0,0,0,0,0,0,0,0,0,0,0,0,0,0,0,0,0,0,0,0,0,0,0,0,0,0,0,0,0,0,0,0,0,0,0,0,0,0,0,0,0,0,0
Malaya,0,NO,1956,0.00,0.00,0.00,2,0,0,0,0,2,0,0,0,0,0,0,0,0,0,-,0,0,0,0,XML,0,0,0,,,,,0.00,0,0,0,0,0,0,0,0,0,0,0,0,0,0,0,0,0,0,0,0,0,0,0,0,0,0,0,0,0,0,0,0,0,0,0,0,0,0,0,0,0,0,0,0,0,0,0,0,0,0,0,0,0,0,0,0,0,0,0,0,0,0,0,0,0,0
Malaysia,31624264,YES,1956,0.79,0.85,0.00,14,13,0,8,5,13,13,0,8,5,1,0,0,0,0,Badminton,8,0,6,2,MYS,0,0,0,,,,https://upload.wikimedia.org/wikipedia/commons/6/66/Flag_of_Malaysia.svg,0.41,0,0,0,0,0,0,12,0,0,0,0,0,0,0,0,0,0,0,0,1,3,0,0,0,0,0,0,0,0,0,0,0,0,0,0,0,0,0,0,0,0,0,0,0,0,0,0,0,0,0,0,0,0,0,0,0,0,0,0,0,0,0,0,0,0,0
Maldives,436330,YES,1988,0.00,0.00,0.00,8,0,0,0,0,8,0,0,0,0,0,0,0,0,0,-,0,0,0,0,MDV,0,0,0,,,,https://upload.wikimedia.org/wikipedia/commons/0/0f/Flag_of_Maldives.svg,0.00,0,0,0,0,0,0,0,0,0,0,0,0,0,0,0,0,0,0,0,0,0,0,0,0,0,0,0,0,0,0,0,0,0,0,0,0,0,0,0,0,0,0,0,0,0,0,0,0,0,0,0,0,0,0,0,0,0,0,0,0,0,0,0,0,0,0
Mali,18541980,YES,1964,0.00,0.00,0.00,13,0,0,0,0,13,0,0,0,0,0,0,0,0,0,-,0,0,0,0,MLI,0,0,0,,,,https://upload.wikimedia.org/wikipedia/commons/9/92/Flag_of_Mali.svg,0.00,0,0,0,0,0,0,0,0,0,0,0,0,0,0,0,0,0,0,0,0,0,0,0,0,0,0,0,0,0,0,0,0,0,0,0,0,0,0,0,0,0,0,0,0,0,0,0,0,0,0,0,0,0,0,0,0,0,0,0,0,0,0,0,0,0,0
Malta,430835,YES,1928,0.00,0.00,0.00,18,0,0,0,0,16,0,0,0,0,2,0,0,0,0,-,0,0,0,0,MLT,0,0,0,,,,https://upload.wikimedia.org/wikipedia/commons/7/73/Flag_of_Malta.svg,0.00,0,0,0,0,0,0,0,0,0,0,0,0,0,0,0,0,0,0,0,0,0,0,0,0,0,0,0,0,0,0,0,0,0,0,0,0,0,0,0,0,0,0,0,0,0,0,0,0,0,0,0,0,0,0,0,0,0,0,0,0,0,0,0,0,0,0
Marshall Islands,53127,YES,2008,0.00,0.00,0.00,3,0,0,0,0,3,0,0,0,0,0,0,0,0,0,-,0,0,0,0,XMI,0,0,0,,,,https://upload.wikimedia.org/wikipedia/commons/2/2e/Flag_of_the_Marshall_Islands.svg,0.00,0,0,0,0,0,0,0,0,0,0,0,0,0,0,0,0,0,0,0,0,0,0,0,0,0,0,0,0,0,0,0,0,0,0,0,0,0,0,0,0,0,0,0,0,0,0,0,0,0,0,0,0,0,0,0,0,0,0,0,0,0,0,0,0,0,0
Mauritania,4420184,YES,1984,0.00,0.00,0.00,9,0,0,0,0,9,0,0,0,0,0,0,0,0,0,-,0,0,0,0,MRT,0,0,0,,,,https://upload.wikimedia.org/wikipedia/commons/4/43/Flag_of_Mauritania.svg,0.00,0,0,0,0,0,0,0,0,0,0,0,0,0,0,0,0,0,0,0,0,0,0,0,0,0,0,0,0,0,0,0,0,0,0,0,0,0,0,0,0,0,0,0,0,0,0,0,0,0,0,0,0,0,0,0,0,0,0,0,0,0,0,0,0,0,0
Mauritius,1265138,YES,1984,0.11,0.11,0.00,9,1,0,0,1,9,1,0,0,1,0,0,0,0,0,Boxing,1,0,0,1,MUS,0,0,0,,,,https://upload.wikimedia.org/wikipedia/commons/7/77/Flag_of_Mauritius.svg,0.79,0,0,0,0,0,0,0,0,0,0,0,0,0,1,0,0,0,0,0,0,0,0,0,0,0,0,0,0,0,0,0,0,0,0,0,0,0,0,0,0,0,0,0,0,0,0,0,0,0,0,0,0,0,0,0,0,0,0,0,0,0,0,0,0,0,0
Mexico,129163276,YES,1900,2.16,3.00,0.00,32,73,13,24,36,23,73,13,24,36,9,0,0,0,0,Taekwondo,7,2,2,3,MEX,1,1,0,1968 Summer Olympics (Mexico City),,,https://upload.wikimedia.org/wikipedia/commons/f/fc/Flag_of_Mexico.svg,0.57,0,0,0,2,0,11,0,0,11,0,0,0,0,13,0,0,0,0,0,2,17,17,1,0,16,0,0,0,0,0,0,0,0,0,0,0,1,0,0,7,0,0,0,0,0,0,0,1,0,0,0,0,0,0,2,0,0,7,0,0,0,0,0,0,1,1
Federated States of Micronesia,105544,YES,2000,0.00,0.00,0.00,5,0,0,0,0,5,0,0,0,0,0,0,0,0,0,-,0,0,0,0,FSM,0,0,0,,,,https://upload.wikimedia.org/wikipedia/commons/e/e4/Flag_of_the_Federated_States_of_Micronesia.svg,0.00,0,0,0,0,0,0,0,0,0,0,0,0,0,0,0,0,0,0,0,0,0,0,0,0,0,0,0,0,0,0,0,0,0,0,0,0,0,0,0,0,0,0,0,0,0,0,0,0,0,0,0,0,0,0,0,0,0,0,0,0,0,0,0,0,0,0
Moldova,4051212,YES,1994,0.38,0.83,0.00,13,6,0,2,4,6,6,0,2,4,7,0,0,0,0,Shooting,1,0,1,0,MDA,0,0,0,,,,,1.48,0,0,0,0,0,0,0,0,0,0,0,0,0,2,2,0,0,0,0,0,0,0,0,0,0,0,0,0,0,0,0,0,0,0,0,0,0,0,0,0,0,0,0,0,0,0,0,1,0,0,0,0,0,0,0,0,0,0,0,0,0,0,0,0,2,1
Monaco,38695,YES,1920,0.00,0.00,0.00,30,0,0,0,0,20,0,0,0,0,10,0,0,0,0,-,0,0,0,0,MCO,0,0,0,,,,https://upload.wikimedia.org/wikipedia/commons/e/ea/Flag_of_Monaco.svg,0.00,0,0,0,0,1,0,0,0,0,0,0,0,0,0,0,0,0,0,0,0,0,0,0,0,0,0,0,0,0,0,0,0,0,0,0,0,0,0,0,0,0,0,0,0,0,0,0,0,0,0,0,0,0,0,0,0,0,0,0,0,0,0,0,0,0,0
Mongolia,3075647,YES,1964,0.96,2.00,0.00,27,30,2,11,17,13,30,2,11,17,14,0,0,0,0,Judo,8,1,3,4,MNG,0,0,0,,,,https://upload.wikimedia.org/wikipedia/commons/4/4c/Flag_of_Mongolia.svg,9.75,0,0,0,0,0,0,0,0,0,0,0,0,0,7,0,0,0,0,0,0,0,0,0,0,0,0,0,0,0,0,0,0,8,0,0,0,0,0,0,0,0,0,0,0,0,0,0,2,0,0,0,0,0,0,0,0,0,0,0,0,0,0,0,0,0,9
Montenegro,628960,YES,2008,0.17,0.33,0.00,6,1,0,1,0,3,1,0,1,0,3,0,0,0,0,Handball,1,0,1,0,MNE,0,0,0,,,,https://upload.wikimedia.org/wikipedia/commons/6/64/Flag_of_Montenegro.svg,1.59,0,0,0,0,0,0,0,0,0,0,0,0,0,0,0,0,0,0,0,0,0,0,0,0,0,0,0,0,14,0,0,0,0,0,0,0,0,0,0,0,0,0,0,0,0,0,0,0,0,0,0,0,0,0,0,0,0,0,0,0,0,0,0,0,0,0
Morocco,35739580,YES,1960,1.10,1.64,0.00,21,24,7,5,12,14,24,7,5,12,7,0,0,0,0,Athletics,19,6,5,8,MAR,0,0,0,,,,https://upload.wikimedia.org/wikipedia/commons/2/2c/Flag_of_Morocco.svg,0.67,0,0,0,0,0,19,0,0,0,0,0,0,0,4,0,0,0,0,0,0,0,0,0,0,0,0,0,0,0,0,0,0,0,0,0,0,0,0,0,0,0,0,0,0,0,0,0,0,0,0,0,0,0,0,0,0,0,0,0,0,0,0,0,0,0,0
Mozambique,29668834,YES,1980,0.20,0.20,0.00,10,2,1,0,1,10,2,1,0,1,0,0,0,0,0,Athletics,2,1,0,1,MOZ,0,0,0,,,,https://upload.wikimedia.org/wikipedia/commons/d/d0/Flag_of_Mozambique.svg,0.07,0,0,0,0,0,2,0,0,0,0,0,0,0,0,0,0,0,0,0,0,0,0,0,0,0,0,0,0,0,0,0,0,0,0,0,0,0,0,0,0,0,0,0,0,0,0,0,0,0,0,0,0,0,0,0,0,0,0,0,0,0,0,0,0,0,0
Myanmar,53370609,YES,1948,0.00,0.00,0.00,17,0,0,0,0,17,0,0,0,0,0,0,0,0,0,-,0,0,0,0,MMR,0,0,0,,,,https://upload.wikimedia.org/wikipedia/commons/8/8c/Flag_of_Myanmar.svg,0.00,0,0,0,0,0,0,0,0,0,0,0,0,0,0,0,0,0,0,0,0,0,0,0,0,0,0,0,0,0,0,0,0,0,0,0,0,0,0,0,0,0,0,0,0,0,0,0,0,0,0,0,0,0,0,0,0,0,0,0,0,0,0,0,0,0,0
Namibia,2533794,YES,1992,0.57,0.57,0.00,7,5,0,5,0,7,5,0,5,0,0,0,0,0,0,Athletics,4,0,4,0,NAM,0,0,0,,,,https://upload.wikimedia.org/wikipedia/commons/0/00/Flag_of_Namibia.svg,1.97,0,0,0,0,0,4,0,0,0,0,0,0,0,0,0,0,0,0,0,0,0,0,0,0,0,0,0,0,0,0,0,0,0,0,0,0,0,0,0,0,0,0,0,0,0,0,0,0,0,0,0,0,0,0,0,0,0,0,0,0,0,0,0,0,0,0
Nauru,11359,YES,1996,0.00,0.00,0.00,6,0,0,0,0,6,0,0,0,0,0,0,0,0,0,-,0,0,0,0,NRU,0,0,0,,,,https://upload.wikimedia.org/wikipedia/commons/3/30/Flag_of_Nauru.svg,0.00,0,0,0,0,0,0,0,0,0,0,0,0,0,0,0,0,0,0,0,0,0,0,0,0,0,0,0,0,0,0,0,0,0,0,0,0,0,0,0,0,0,0,0,0,0,0,0,0,0,0,0,0,0,0,0,0,0,0,0,0,0,0,0,0,0,0
Nepal,29304998,YES,1964,0.00,0.00,0.00,17,0,0,0,0,13,0,0,0,0,4,0,0,0,0,-,0,0,0,0,NPL,0,0,0,,,,https://upload.wikimedia.org/wikipedia/commons/9/9b/Flag_of_Nepal.svg,0.00,0,0,1,0,0,0,0,0,0,0,0,0,0,0,0,0,0,0,0,0,0,0,0,0,0,0,0,0,0,0,0,0,0,0,0,0,0,0,0,0,0,0,0,0,0,0,0,0,0,0,0,0,0,0,0,0,0,0,0,0,0,0,0,0,0,0
Netherlands,17035938,YES,1900,8.83,10.96,6.19,47,451,140,148,163,26,321,95,104,122,21,130,45,44,41,Speed Skating,121,42,40,39,NLD,1,1,0,1928 Summer Olympics (Amsterdam),,,https://upload.wikimedia.org/wikipedia/commons/2/20/Flag_of_the_Netherlands.svg,26.47,0,0,0,9,7,22,1,0,0,0,2,0,0,7,12,0,0,0,0,67,0,56,31,3,42,0,0,12,0,255,0,0,23,0,0,0,0,0,0,0,0,0,0,139,0,0,43,6,1,0,0,1,0,117,114,0,0,0,4,0,0,8,24,31,3,0
Netherlands Antilles,227049,NO,1952,0.07,0.08,0.00,15,1,0,1,0,13,1,0,1,0,2,0,0,0,0,Sailing,1,0,1,0,BES,0,0,0,,,,,4.40,0,0,0,0,0,0,0,0,0,0,0,0,0,0,0,0,0,0,0,0,0,0,0,0,0,0,0,0,0,0,0,0,0,0,0,0,0,0,0,0,0,0,0,0,0,0,1,0,0,0,0,0,0,0,0,0,0,0,0,0,0,0,0,0,0,0
New Zealand,4705818,YES,1920,3.08,5.09,0.19,39,140,53,34,53,23,137,53,33,51,16,3,0,1,2,Rowing,24,11,3,10,NZL,0,0,0,,,,https://upload.wikimedia.org/wikipedia/commons/3/3e/Flag_of_New_Zealand.svg,29.75,0,1,0,0,0,24,0,0,0,0,0,0,0,3,18,0,0,0,0,18,0,23,0,0,0,0,1,0,0,14,0,0,0,0,0,0,0,0,0,0,0,0,0,69,0,12,33,2,0,0,0,0,0,0,6,0,0,0,0,0,3,0,0,1,0,0
Nicaragua,6217581,YES,1968,0.00,0.00,0.00,12,0,0,0,0,12,0,0,0,0,0,0,0,0,0,-,0,0,0,0,NIC,0,0,0,,,,https://upload.wikimedia.org/wikipedia/commons/1/19/Flag_of_Nicaragua.svg,0.00,0,0,0,0,0,0,0,0,0,0,0,0,0,0,0,0,0,0,0,0,0,0,0,0,0,0,0,0,0,0,0,0,0,0,0,0,0,0,0,0,0,0,0,0,0,0,0,0,0,0,0,0,0,0,0,0,0,0,0,0,0,0,0,0,0,0
Niger,21477348,YES,1964,0.17,0.17,0.00,12,2,0,1,1,12,2,0,1,1,0,0,0,0,0,Taekwondo,1,0,1,0,NER,0,0,0,,,,https://upload.wikimedia.org/wikipedia/commons/f/f4/Flag_of_Niger.svg,0.09,0,0,0,0,0,0,0,0,0,0,0,0,0,1,0,0,0,0,0,0,0,0,0,0,0,0,0,0,0,0,0,0,0,0,0,0,0,0,0,0,0,0,0,0,0,0,0,0,0,0,0,0,0,0,0,0,0,1,0,0,0,0,0,0,0,0
Nigeria,190886311,YES,1952,1.47,1.56,0.00,17,27,3,11,13,16,27,3,11,13,1,0,0,0,0,Athletics,13,2,5,6,NGA,0,0,0,,,,https://upload.wikimedia.org/wikipedia/commons/7/79/Flag_of_Nigeria.svg,0.14,0,0,0,0,0,41,0,0,0,0,0,0,0,6,0,0,0,0,0,0,0,0,0,0,50,0,0,0,0,0,0,0,0,0,0,0,0,0,0,0,0,0,0,0,0,0,0,0,0,0,0,0,0,0,0,0,0,1,0,0,0,0,0,0,1,0
North Borneo,3540000,NO,1956,0.00,0.00,0.00,1,0,0,0,0,1,0,0,0,0,0,0,0,0,0,-,0,0,0,0,XNB,0,0,0,,,,,0.00,0,0,0,0,0,0,0,0,0,0,0,0,0,0,0,0,0,0,0,0,0,0,0,0,0,0,0,0,0,0,0,0,0,0,0,0,0,0,0,0,0,0,0,0,0,0,0,0,0,0,0,0,0,0,0,0,0,0,0,0,0,0,0,0,0,0
Norway,5305383,YES,1900,10.83,6.08,16.00,48,528,192,176,160,25,160,60,51,49,23,368,132,125,111,Cross Country Skiing,121,47,42,32,NOR,2,0,2,"1952 Winter Olympics (Oslo), 1994 Winter Olympics (Lillehammer)","1.500 meters:, Jakob Ingebrigtsen 3:28.32 min, 400 meters hurdles:, Karsten Warholm 45.94 sec, Javelin throw:, Andreas Thorkildsen 90.57 m",,https://upload.wikimedia.org/wikipedia/commons/d/d9/Flag_of_Norway.svg,99.52,0,29,0,0,1,20,0,0,0,0,0,62,0,5,22,0,0,164,14,4,0,3,1,7,47,8,0,121,85,0,0,0,0,0,0,0,0,0,40,0,0,0,0,61,0,0,125,77,0,0,39,4,0,80,2,0,0,2,1,0,0,0,0,0,1,8
Oman,4636262,YES,1984,0.00,0.00,0.00,9,0,0,0,0,9,0,0,0,0,0,0,0,0,0,-,0,0,0,0,OMN,0,0,0,,,,https://upload.wikimedia.org/wikipedia/commons/d/dd/Flag_of_Oman.svg,0.00,0,0,0,0,0,0,0,0,0,0,0,0,0,0,0,0,0,0,0,0,0,0,0,0,0,0,0,0,0,0,0,0,0,0,0,0,0,0,0,0,0,0,0,0,0,0,0,0,0,0,0,0,0,0,0,0,0,0,0,0,0,0,0,0,0,0
Pakistan,197015955,YES,1948,0.50,0.59,0.00,20,10,3,3,4,17,10,3,3,4,3,0,0,0,0,Field Hockey,8,3,3,2,PAK,0,0,0,,,,https://upload.wikimedia.org/wikipedia/commons/3/32/Flag_of_Pakistan.svg,0.05,0,0,0,0,0,0,0,0,0,0,0,0,0,1,0,0,0,0,0,0,0,0,0,0,0,0,0,0,0,119,0,0,0,0,0,0,0,0,0,0,0,0,0,0,0,0,0,0,0,0,0,0,0,0,0,0,0,0,0,0,0,0,0,0,0,1
Palau,21729,YES,2000,0.00,0.00,0.00,5,0,0,0,0,5,0,0,0,0,0,0,0,0,0,-,0,0,0,0,PLW,0,0,0,,,,https://upload.wikimedia.org/wikipedia/commons/4/48/Flag_of_Palau.svg,0.00,0,0,0,0,0,0,0,0,0,0,0,0,0,0,0,0,0,0,0,0,0,0,0,0,0,0,0,0,0,0,0,0,0,0,0,0,0,0,0,0,0,0,0,0,0,0,0,0,0,0,0,0,0,0,0,0,0,0,0,0,0,0,0,0,0,0
Palestine,4920724,YES,1996,0.00,0.00,0.00,6,0,0,0,0,6,0,0,0,0,0,0,0,0,0,-,0,0,0,0,PSE,0,0,0,,,,,0.00,0,0,0,0,0,0,0,0,0,0,0,0,0,0,0,0,0,0,0,0,0,0,0,0,0,0,0,0,0,0,0,0,0,0,0,0,0,0,0,0,0,0,0,0,0,0,0,0,0,0,0,0,0,0,0,0,0,0,0,0,0,0,0,0,0,0
Panama,4098587,YES,1928,0.18,0.18,0.00,17,3,1,0,2,17,3,1,0,2,0,0,0,0,0,Athletics,3,1,0,2,PAN,0,0,0,,,,https://upload.wikimedia.org/wikipedia/commons/a/ab/Flag_of_Panama.svg,0.73,0,0,0,0,0,3,0,0,0,0,0,0,0,0,0,0,0,0,0,0,0,0,0,0,0,0,0,0,0,0,0,0,0,0,0,0,0,0,0,0,0,0,0,0,0,0,0,0,0,0,0,0,0,0,0,0,0,0,0,0,0,0,0,0,0,0
Papua New Guinea,8251162,YES,1976,0.00,0.00,0.00,10,0,0,0,0,10,0,0,0,0,0,0,0,0,0,-,0,0,0,0,PNG,0,0,0,,,,https://upload.wikimedia.org/wikipedia/commons/e/e3/Flag_of_Papua_New_Guinea.svg,0.00,0,0,0,0,0,0,0,0,0,0,0,0,0,0,0,0,0,0,0,0,0,0,0,0,0,0,0,0,0,0,0,0,0,0,0,0,0,0,0,0,0,0,0,0,0,0,0,0,0,0,0,0,0,0,0,0,0,0,0,0,0,0,0,0,0,0
Paraguay,6811297,YES,1968,0.08,0.08,0.00,13,1,0,1,0,12,1,0,1,0,1,0,0,0,0,Football,1,0,1,0,PRY,0,0,0,,,,https://upload.wikimedia.org/wikipedia/commons/2/27/Flag_of_Paraguay.svg,0.15,0,0,0,0,0,0,0,0,0,0,0,0,0,0,0,0,0,0,0,0,0,0,0,0,17,0,0,0,0,0,0,0,0,0,0,0,0,0,0,0,0,0,0,0,0,0,0,0,0,0,0,0,0,0,0,0,0,0,0,0,0,0,0,0,0,0
Peru,32165485,YES,1900,0.20,0.22,0.00,20,4,1,3,0,18,4,1,3,0,2,0,0,0,0,Shooting,3,1,2,0,PER,0,0,0,,,,https://upload.wikimedia.org/wikipedia/commons/c/cf/Flag_of_Peru.svg,0.12,0,0,0,0,0,0,0,0,0,0,0,0,0,0,0,0,0,0,0,0,0,0,0,0,0,0,0,0,0,0,0,0,0,0,0,0,0,0,0,0,0,0,0,0,0,0,0,3,0,0,0,0,0,0,0,0,0,0,0,0,0,0,12,0,0,0
Philippines,104918090,YES,1924,0.38,0.48,0.00,26,14,1,5,8,21,14,1,5,8,5,0,0,0,0,Boxing,5,0,2,3,PHL,0,0,0,,,,https://upload.wikimedia.org/wikipedia/commons/9/99/Flag_of_the_Philippines.svg,0.13,0,0,0,0,0,2,0,0,0,0,0,0,0,5,0,0,0,0,0,0,0,0,0,0,0,0,0,0,0,0,0,0,0,0,0,0,0,0,0,0,0,0,0,0,0,0,0,0,0,0,0,0,0,0,2,0,0,0,0,0,0,0,0,0,1,0
Poland,38170712,YES,1924,6.95,13.52,0.96,44,320,79,95,146,21,298,72,88,138,23,22,7,7,8,Athletics,57,25,18,14,POL,0,0,0,,,"Hammer throw:, Anita WÅodarczyk 82.29 m",https://upload.wikimedia.org/wikipedia/en/1/12/Flag_of_Poland.svg,8.38,0,0,0,4,8,72,0,0,0,0,0,1,0,43,37,0,0,5,0,24,0,15,82,0,50,0,0,9,14,0,0,0,8,0,0,0,6,0,1,0,0,0,0,52,0,0,4,12,0,0,7,0,0,13,6,0,0,0,0,0,0,0,34,0,32,26
Portugal,10329506,YES,1912,0.75,1.00,0.00,32,28,5,9,14,24,28,5,9,14,8,0,0,0,0,Athletics,10,4,2,4,PRT,0,0,0,,,,https://upload.wikimedia.org/wikipedia/commons/5/5c/Flag_of_Portugal.svg,2.71,0,0,0,0,0,10,0,0,0,0,0,0,0,0,2,0,0,0,0,1,0,10,6,0,0,0,0,0,0,0,0,0,2,0,0,0,0,0,0,0,0,0,0,0,0,0,8,1,0,0,0,0,0,0,0,0,0,0,0,0,1,0,0,0,0,0
Puerto Rico,3663131,YES,1948,0.36,0.50,0.00,25,10,2,2,6,18,10,2,2,6,7,0,0,0,0,Tennis,1,1,0,0,PRI,0,0,0,,,"100 meters hurdles:, Jasmine Camacho-Quinn 12.26 sec",,2.73,0,0,0,0,0,1,0,0,0,0,0,0,0,6,0,0,0,0,0,0,0,0,0,0,0,0,0,0,0,0,0,0,0,0,0,0,0,0,0,0,0,0,0,0,0,0,0,0,0,0,0,0,0,0,0,0,0,0,1,0,0,0,0,0,0,1
Qatar,2639211,YES,1984,0.56,0.56,0.00,9,8,2,1,5,9,8,2,1,5,0,0,0,0,0,Athletics,3,0,1,2,QAT,0,0,0,,,,https://upload.wikimedia.org/wikipedia/commons/6/65/Flag_of_Qatar.svg,3.03,0,0,0,0,0,3,0,0,0,0,0,0,0,0,0,0,0,0,0,0,0,0,0,0,0,0,0,0,0,0,0,0,0,0,0,0,0,0,0,0,0,0,0,0,0,0,0,1,0,0,0,0,0,0,0,0,0,0,0,0,0,0,0,0,1,0
Romania,19679306,YES,1900,7.31,14.57,0.05,42,311,90,98,123,21,310,90,98,122,21,1,0,0,1,Gymnastics,72,25,21,26,ROU,0,0,0,,,,https://upload.wikimedia.org/wikipedia/commons/7/73/Flag_of_Romania.svg,15.80,0,0,0,0,0,35,0,0,0,0,0,0,2,25,67,0,0,0,0,0,0,4,47,0,0,0,0,135,58,0,0,0,6,0,0,0,0,0,0,0,0,1,0,175,16,0,0,15,0,0,0,0,0,0,9,0,0,0,2,0,0,0,10,0,13,33
Russia,143989754,YES,1994,45.67,71.33,20.00,12,619,216,191,212,6,499,169,153,177,6,120,47,38,35,Wrestling,56,30,11,15,RUS,2,1,1,"1980 Summer Olympics (Moscow), 2014 Winter Olympics (Sochi)","Hammer Throw:, Sergey Litvinov 84.80 m (USSR)","800 meters:, Nadezhda Olizarenko 1:53.43 min (USSR), 3 000 m Steeplechase:, Gulnara Galkina-Samitova 8:58.81 min, 4x400 m relay:, Tatyana Ledovskay, Olga Nazarova, Mariya Pinigina, Olga Bryzgina 3:15.17 min (USSR), 20 km walk:, Elena Lashmanova 1:25:02 hr, High jump:, Yelena Slesarenko 2.06 m, Pole vault:, Yelena Isinbayeva",https://upload.wikimedia.org/wikipedia/en/f/f3/Flag_of_Russia.svg,4.30,0,1,0,4,0,103,2,0,36,0,0,57,12,30,22,0,0,49,0,24,27,0,62,52,0,4,0,83,58,0,43,0,16,0,6,0,5,0,1,0,0,45,0,18,0,0,11,36,8,3,0,5,0,20,43,54,0,4,10,4,0,0,70,51,26,60
Russian Empire,181500000,NO,1900,2.67,2.67,0.00,3,8,1,4,3,3,8,1,4,3,0,0,0,0,0,Wrestling,3,0,3,0,XRE,0,0,0,,,,,0.04,0,0,0,0,0,0,0,0,0,0,0,0,0,0,0,0,0,0,0,0,0,0,0,0,0,0,0,0,0,0,0,0,0,0,0,0,0,0,0,0,0,0,0,0,0,0,0,0,0,0,0,0,0,0,0,0,0,0,0,0,0,0,0,0,0,0
Rwanda,12208407,YES,1984,0.00,0.00,0.00,9,0,0,0,0,9,0,0,0,0,0,0,0,0,0,-,0,0,0,0,RWA,0,0,0,,,,https://upload.wikimedia.org/wikipedia/commons/1/17/Flag_of_Rwanda.svg,0.00,0,0,0,0,0,0,0,0,0,0,0,0,0,0,0,0,0,0,0,0,0,0,0,0,0,0,0,0,0,0,0,0,0,0,0,0,0,0,0,0,0,0,0,0,0,0,0,0,0,0,0,0,0,0,0,0,0,0,0,0,0,0,0,0,0,0
Saar,995600,NO,1952,0.00,0.00,0.00,1,0,0,0,0,1,0,0,0,0,0,0,0,0,0,-,0,0,0,0,XSA,0,0,0,,,,,0.00,0,0,0,0,0,0,0,0,0,0,0,0,0,0,0,0,0,0,0,0,0,0,0,0,0,0,0,0,0,0,0,0,0,0,0,0,0,0,0,0,0,0,0,0,0,0,0,0,0,0,0,0,0,0,0,0,0,0,0,0,0,0,0,0,0,0
Saint Kitts and Nevis,55345,YES,1996,0.00,0.00,0.00,6,0,0,0,0,6,0,0,0,0,0,0,0,0,0,-,0,0,0,0,KNA,0,0,0,,,,https://upload.wikimedia.org/wikipedia/commons/f/fe/Flag_of_Saint_Kitts_and_Nevis.svg,0.00,0,0,0,0,0,0,0,0,0,0,0,0,0,0,0,0,0,0,0,0,0,0,0,0,0,0,0,0,0,0,0,0,0,0,0,0,0,0,0,0,0,0,0,0,0,0,0,0,0,0,0,0,0,0,0,0,0,0,0,0,0,0,0,0,0,0
Saint Lucia,178844,YES,1996,0.00,0.00,0.00,6,0,0,0,0,6,0,0,0,0,0,0,0,0,0,-,0,0,0,0,LCA,0,0,0,,,,https://upload.wikimedia.org/wikipedia/commons/9/9f/Flag_of_Saint_Lucia.svg,0.00,0,0,0,0,0,0,0,0,0,0,0,0,0,0,0,0,0,0,0,0,0,0,0,0,0,0,0,0,0,0,0,0,0,0,0,0,0,0,0,0,0,0,0,0,0,0,0,0,0,0,0,0,0,0,0,0,0,0,0,0,0,0,0,0,0,0
Saint Vincent and the Grenadines,109897,YES,1988,0.00,0.00,0.00,8,0,0,0,0,8,0,0,0,0,0,0,0,0,0,-,0,0,0,0,VCT,0,0,0,,,,,0.00,0,0,0,0,0,0,0,0,0,0,0,0,0,0,0,0,0,0,0,0,0,0,0,0,0,0,0,0,0,0,0,0,0,0,0,0,0,0,0,0,0,0,0,0,0,0,0,0,0,0,0,0,0,0,0,0,0,0,0,0,0,0,0,0,0,0
Samoa,196440,YES,1984,0.11,0.11,0.00,9,1,0,1,0,9,1,0,1,0,0,0,0,0,0,Weightlifting,1,0,1,0,WSM,0,0,0,,,,https://upload.wikimedia.org/wikipedia/commons/3/31/Flag_of_Samoa.svg,5.09,0,0,0,0,0,0,0,0,0,0,0,0,0,0,0,0,0,0,0,0,0,0,0,0,0,0,0,0,0,0,0,0,0,0,0,0,0,0,0,0,0,0,0,0,0,0,0,0,0,0,0,0,0,0,0,0,0,0,0,0,0,0,0,0,0,0
San Marino,33400,YES,1960,0.00,0.00,0.00,14,3,0,1,2,14,3,0,1,2,0,0,0,0,0,-,0,0,0,0,SMR,0,0,0,,,,https://upload.wikimedia.org/wikipedia/commons/b/b1/Flag_of_San_Marino.svg,89.82,0,0,0,0,0,0,0,0,0,0,0,0,0,0,0,0,0,0,0,0,0,0,0,0,0,0,0,0,0,0,0,0,0,0,0,0,0,0,0,0,0,0,0,0,0,0,0,0,0,0,0,0,0,0,0,0,0,0,0,0,0,0,0,0,0,0
São Tomé and Príncipe,199910,YES,1996,0.00,0.00,0.00,6,0,0,0,0,6,0,0,0,0,0,0,0,0,0,-,0,0,0,0,STP,0,0,0,,,,https://upload.wikimedia.org/wikipedia/commons/4/4f/Flag_of_Sao_Tome_and_Principe.svg,0.00,0,0,0,0,0,0,0,0,0,0,0,0,0,0,0,0,0,0,0,0,0,0,0,0,0,0,0,0,0,0,0,0,0,0,0,0,0,0,0,0,0,0,0,0,0,0,0,0,0,0,0,0,0,0,0,0,0,0,0,0,0,0,0,0,0,0
Saudi Arabia,32938213,YES,1972,0.27,0.27,0.00,11,4,0,2,2,11,4,0,2,2,0,0,0,0,0,Equestrian,3,0,1,2,SAU,0,0,0,,,,https://upload.wikimedia.org/wikipedia/commons/0/0d/Flag_of_Saudi_Arabia.svg,0.12,0,0,0,0,0,1,0,0,0,0,0,0,0,0,0,0,0,0,0,0,0,5,0,0,0,0,0,0,0,0,0,0,0,0,0,0,0,0,0,0,0,0,0,0,0,0,0,0,0,0,0,0,0,0,0,0,0,0,0,0,0,0,0,0,0,0
Senegal,15850567,YES,1964,0.05,0.07,0.00,19,1,0,1,0,14,1,0,1,0,5,0,0,0,0,Athletics,1,0,1,0,SEN,0,0,0,,,,https://upload.wikimedia.org/wikipedia/commons/f/fd/Flag_of_Senegal.svg,0.06,0,0,0,0,0,1,0,0,0,0,0,0,0,0,0,0,0,0,0,0,0,0,0,0,0,0,0,0,0,0,0,0,0,0,0,0,0,0,0,0,0,0,0,0,0,0,0,0,0,0,0,0,0,0,0,0,0,0,0,0,0,0,0,0,0,0
Serbia,8790574,YES,1912,2.14,3.75,0.00,7,24,6,7,11,4,24,6,7,11,3,0,0,0,0,Waterpolo,3,1,0,2,SRB,0,0,0,,,,https://upload.wikimedia.org/wikipedia/commons/f/ff/Flag_of_Serbia.svg,2.73,0,0,0,0,0,1,0,0,24,0,0,0,0,0,2,0,0,0,0,0,0,0,0,0,0,0,0,0,0,0,0,0,0,0,0,0,0,0,0,0,0,0,0,0,0,0,0,2,0,0,0,0,0,0,1,0,0,2,1,0,0,0,12,39,0,1
Serbia and Montenegro,9419534,YES,2004,1.00,2.00,0.00,2,2,0,2,0,1,2,0,2,0,1,0,0,0,0,Waterpolo,1,0,1,0,XSM,0,0,0,,,,,0.21,0,0,0,0,0,0,0,0,12,0,0,0,0,0,0,0,0,0,0,0,0,0,0,0,0,0,0,0,0,0,0,0,0,0,0,0,0,0,0,0,0,0,0,0,0,0,0,4,0,0,0,0,0,0,0,0,0,0,0,0,0,0,23,25,0,0
Seychelles,94737,YES,1980,0.00,0.00,0.00,9,0,0,0,0,9,0,0,0,0,0,0,0,0,0,-,0,0,0,0,SYC,0,0,0,,,,https://upload.wikimedia.org/wikipedia/commons/f/fc/Flag_of_Seychelles.svg,0.00,0,0,0,0,0,0,0,0,0,0,0,0,0,0,0,0,0,0,0,0,0,0,0,0,0,0,0,0,0,0,0,0,0,0,0,0,0,0,0,0,0,0,0,0,0,0,0,0,0,0,0,0,0,0,0,0,0,0,0,0,0,0,0,0,0,0
Sierra Leone,7557212,YES,1968,0.00,0.00,0.00,11,0,0,0,0,11,0,0,0,0,0,0,0,0,0,-,0,0,0,0,SLE,0,0,0,,,,https://upload.wikimedia.org/wikipedia/commons/1/17/Flag_of_Sierra_Leone.svg,0.00,0,0,0,0,0,0,0,0,0,0,0,0,0,0,0,0,0,0,0,0,0,0,0,0,0,0,0,0,0,0,0,0,0,0,0,0,0,0,0,0,0,0,0,0,0,0,0,0,0,0,0,0,0,0,0,0,0,0,0,0,0,0,0,0,0,0
Singapore,5708844,YES,1948,0.29,0.31,0.00,17,5,1,2,2,16,5,1,2,2,1,0,0,0,0,Table tennis,3,0,1,2,SGP,0,0,0,,,,https://upload.wikimedia.org/wikipedia/commons/4/48/Flag_of_Singapore.svg,0.88,0,0,0,0,0,0,0,0,0,0,0,0,0,0,0,0,0,0,0,0,0,0,0,0,0,0,0,0,0,0,0,0,0,0,0,0,0,0,0,0,0,0,0,0,0,0,0,0,0,0,0,0,0,0,1,0,7,0,0,0,0,0,0,0,1,0
Slovakia,5447662,YES,1994,2.77,4.67,1.14,13,40,13,18,9,6,32,10,14,8,7,8,3,4,1,Biathlon,7,3,3,1,SVK,0,0,0,,,,https://upload.wikimedia.org/wikipedia/commons/e/e6/Flag_of_Slovakia.svg,7.34,0,0,0,0,0,1,0,0,0,0,0,4,0,0,32,0,0,0,0,0,0,0,0,0,0,0,0,0,0,0,0,0,1,0,0,0,0,0,0,0,0,0,0,0,0,0,0,5,0,0,0,1,0,0,2,0,0,0,0,0,0,0,0,0,0,1
Slovenia,2079976,YES,1992,2.67,3.29,2.13,15,45,10,14,21,7,28,8,9,11,8,17,2,5,10,Alpine Skiing,7,2,2,3,SVN,0,0,0,,,,https://upload.wikimedia.org/wikipedia/commons/f/f0/Flag_of_Slovenia.svg,21.63,0,7,0,0,0,4,0,0,0,0,0,1,0,0,2,0,0,2,0,0,0,0,0,0,0,0,0,0,0,0,0,0,5,0,0,0,0,0,0,0,0,0,0,12,0,0,3,3,0,0,6,2,0,0,1,0,0,0,0,0,0,0,0,0,0,0
Solomon Islands,611343,YES,1984,0.00,0.00,0.00,9,0,0,0,0,9,0,0,0,0,0,0,0,0,0,-,0,0,0,0,SLB,0,0,0,,,,https://upload.wikimedia.org/wikipedia/commons/7/74/Flag_of_the_Solomon_Islands.svg,0.00,0,0,0,0,0,0,0,0,0,0,0,0,0,0,0,0,0,0,0,0,0,0,0,0,0,0,0,0,0,0,0,0,0,0,0,0,0,0,0,0,0,0,0,0,0,0,0,0,0,0,0,0,0,0,0,0,0,0,0,0,0,0,0,0,0,0
Somalia,14742523,YES,1972,0.00,0.00,0.00,9,0,0,0,0,9,0,0,0,0,0,0,0,0,0,-,0,0,0,0,SOM,0,0,0,,,,https://upload.wikimedia.org/wikipedia/commons/a/a0/Flag_of_Somalia.svg,0.00,0,0,0,0,0,0,0,0,0,0,0,0,0,0,0,0,0,0,0,0,0,0,0,0,0,0,0,0,0,0,0,0,0,0,0,0,0,0,0,0,0,0,0,0,0,0,0,0,0,0,0,0,0,0,0,0,0,0,0,0,0,0,0,0,0,0
South Africa,56717156,YES,1904,3.31,4.53,0.00,26,89,27,33,29,19,89,27,33,29,7,0,0,0,0,Athletics,29,9,13,7,ZAF,0,0,0,,"400 meters:, Wayde van Niekerk 43.03 sec",,https://upload.wikimedia.org/wikipedia/commons/a/af/Flag_of_South_Africa.svg,1.57,0,0,0,0,2,31,0,0,0,0,0,0,0,19,1,0,0,0,0,16,0,0,0,0,0,0,0,0,0,0,0,0,0,0,0,0,0,0,0,0,0,0,0,8,0,13,0,5,0,0,0,0,0,0,27,0,0,0,8,0,1,0,0,0,0,0
Soviet Union,293000000,NO,1952,66.89,112.22,21.56,18,1204,473,376,355,9,1010,395,319,296,9,194,78,57,59,Gymnastics,184,73,67,44,XSU,0,0,0,,,,,4.11,0,1,0,7,0,242,0,0,146,0,0,37,8,51,87,0,0,111,0,53,14,29,146,44,87,0,0,288,84,32,168,0,23,0,7,0,27,0,3,0,0,2,0,155,0,0,20,49,0,0,1,0,0,60,124,0,0,0,0,0,0,0,141,78,62,116
Spain,46354321,YES,1900,3.58,6.52,0.20,43,171,49,72,50,23,167,48,72,47,20,4,1,0,3,Sailing,19,13,5,1,ESP,1,1,0,1992 Summer Olympics (Barcelona),,,https://upload.wikimedia.org/wikipedia/en/9/9a/Flag_of_Spain.svg,3.69,0,2,0,3,0,14,1,0,60,2,2,0,0,4,24,0,0,0,0,19,0,11,1,0,52,0,0,4,60,77,0,0,6,0,0,0,0,0,0,5,0,12,0,2,0,0,33,3,0,0,0,0,0,0,8,20,0,6,19,0,1,0,0,36,1,1
Sri Lanka,20876917,YES,1948,0.12,0.12,0.00,17,2,0,2,0,17,2,0,2,0,0,0,0,0,0,Athletics,2,0,2,0,LKA,0,0,0,,,,https://upload.wikimedia.org/wikipedia/commons/1/11/Flag_of_Sri_Lanka.svg,0.10,0,0,0,0,0,2,0,0,0,0,0,0,0,0,0,0,0,0,0,0,0,0,0,0,0,0,0,0,0,0,0,0,0,0,0,0,0,0,0,0,0,0,0,0,0,0,0,0,0,0,0,0,0,0,0,0,0,0,0,0,0,0,0,0,0,0
Sudan,40533330,YES,1960,0.08,0.08,0.00,12,1,0,1,0,12,1,0,1,0,0,0,0,0,0,Athletics,1,0,1,0,SDN,0,0,0,,,,https://upload.wikimedia.org/wikipedia/commons/0/01/Flag_of_Sudan.svg,0.02,0,0,0,0,0,1,0,0,0,0,0,0,0,0,0,0,0,0,0,0,0,0,0,0,0,0,0,0,0,0,0,0,0,0,0,0,0,0,0,0,0,0,0,0,0,0,0,0,0,0,0,0,0,0,0,0,0,0,0,0,0,0,0,0,0,0
"Sudan, South",12230730,YES,2016,0.00,0.00,0.00,1,0,0,0,0,1,0,0,0,0,0,0,0,0,0,-,0,0,0,0,SSD,0,0,0,,,,https://upload.wikimedia.org/wikipedia/commons/7/7a/Flag_of_South_Sudan.svg,0.00,0,0,0,0,0,0,0,0,0,0,0,0,0,0,0,0,0,0,0,0,0,0,0,0,0,0,0,0,0,0,0,0,0,0,0,0,0,0,0,0,0,0,0,0,0,0,0,0,0,0,0,0,0,0,0,0,0,0,0,0,0,0,0,0,0,0
Suriname,563402,YES,1960,0.17,0.17,0.00,12,2,1,0,1,12,2,1,0,1,0,0,0,0,0,Swimming,2,1,0,1,SUR,0,0,0,,,,https://upload.wikimedia.org/wikipedia/commons/6/60/Flag_of_Suriname.svg,3.55,0,0,0,0,0,0,0,0,0,0,0,0,0,0,0,0,0,0,0,0,0,0,0,0,0,0,0,0,0,0,0,0,0,0,0,0,0,0,0,0,0,0,0,0,0,0,0,0,0,0,0,0,0,0,2,0,0,0,0,0,0,0,0,0,0,0
Swaziland,1367254,YES,1972,0.00,0.00,0.00,11,0,0,0,0,10,0,0,0,0,1,0,0,0,0,-,0,0,0,0,SWZ,0,0,0,,,,,0.00,0,0,0,0,0,0,0,0,0,0,0,0,0,0,0,0,0,0,0,0,0,0,0,0,0,0,0,0,0,0,0,0,0,0,0,0,0,0,0,0,0,0,0,0,0,0,0,0,0,0,0,0,0,0,0,0,0,0,0,0,0,0,0,0,0,0
Sweden,9910701,YES,1896,13.04,18.30,6.87,50,661,205,222,234,27,503,148,176,179,23,158,57,46,55,Cross country skiing,80,31,25,24,SWE,1,1,0,1912 Summer Olympics (Stockholm),,,https://upload.wikimedia.org/wikipedia/en/4/4c/Flag_of_Sweden.svg,66.70,0,16,0,2,4,128,0,0,0,0,0,16,0,11,57,0,0,123,29,48,21,85,26,10,60,2,1,103,61,0,217,0,0,0,0,0,25,0,2,0,0,0,0,10,0,0,113,126,0,0,2,1,0,16,70,0,3,0,14,0,1,19,0,24,4,86
Switzerland,8476005,YES,1896,6.76,6.86,6.65,51,358,109,124,125,28,205,53,79,73,23,153,56,45,52,Alpine skiing,66,22,22,22,CHE,2,0,2,"1928 Winter Olympics (St. Moritz), 1948 Winter Olympics (St. Moritz)",,,https://upload.wikimedia.org/wikipedia/commons/0/08/Flag_of_Switzerland_%28Pantone%29.svg,42.24,1,59,2,0,9,8,0,0,0,0,2,1,92,0,4,0,0,13,23,26,0,50,23,3,15,4,0,84,17,0,48,0,4,0,0,4,0,0,8,0,0,0,0,75,0,0,12,53,0,3,5,12,0,0,1,0,0,0,6,0,5,0,0,0,4,15
Syria,18269868,YES,1948,0.23,0.23,0.00,13,4,1,1,2,13,4,1,1,2,0,0,0,0,0,Athletics,1,1,0,0,SYR,0,0,0,,,,,0.22,0,0,0,0,0,1,0,0,0,0,0,0,0,1,0,0,0,0,0,0,0,0,0,0,0,0,0,0,0,0,0,0,0,0,0,0,0,0,0,0,0,0,0,0,0,0,0,0,0,0,0,0,0,0,0,0,0,0,0,0,0,0,0,0,0,1
Tajikistan,8921343,YES,1996,0.40,0.67,0.00,10,4,1,1,2,6,4,1,1,2,4,0,0,0,0,Athletics,1,1,0,0,TJK,0,0,0,,,,https://upload.wikimedia.org/wikipedia/commons/d/d0/Flag_of_Tajikistan.svg,0.45,0,0,0,0,0,1,0,0,0,0,0,0,0,1,0,0,0,0,0,0,0,0,0,0,0,0,0,0,0,0,0,0,1,0,0,0,0,0,0,0,0,0,0,0,0,0,0,0,0,0,0,0,0,0,0,0,0,0,0,0,0,0,0,0,0,1
Tanzania,57310019,YES,1964,0.15,0.15,0.00,13,2,0,2,0,13,2,0,2,0,0,0,0,0,0,Athletics,2,0,2,0,TZA,0,0,0,,,,,0.03,0,0,0,0,0,2,0,0,0,0,0,0,0,0,0,0,0,0,0,0,0,0,0,0,0,0,0,0,0,0,0,0,0,0,0,0,0,0,0,0,0,0,0,0,0,0,0,0,0,0,0,0,0,0,0,0,0,0,0,0,0,0,0,0,0,0
Thailand,69037513,YES,1952,1.65,2.06,0.00,20,35,10,8,17,16,35,10,8,17,4,0,0,0,0,Weightlifting,14,5,2,7,THA,0,0,0,,,,https://upload.wikimedia.org/wikipedia/commons/a/a9/Flag_of_Thailand.svg,0.51,0,0,0,0,0,0,0,0,0,0,0,0,0,14,0,0,0,0,0,0,0,0,0,0,0,0,0,0,0,0,0,0,0,0,0,0,0,0,0,0,0,0,0,0,0,0,0,0,0,0,0,0,0,0,0,0,0,5,0,0,0,0,0,0,11,0
The Gambia,2100568,YES,1984,0.00,0.00,0.00,9,0,0,0,0,9,0,0,0,0,0,0,0,0,0,-,0,0,0,0,GMB,0,0,0,,,,,0.00,0,0,0,0,0,0,0,0,0,0,0,0,0,0,0,0,0,0,0,0,0,0,0,0,0,0,0,0,0,0,0,0,0,0,0,0,0,0,0,0,0,0,0,0,0,0,0,0,0,0,0,0,0,0,0,0,0,0,0,0,0,0,0,0,0,0
Togo,7797694,YES,1972,0.08,0.10,0.00,12,1,0,0,1,10,1,0,0,1,2,0,0,0,0,Canoeing,1,0,0,1,TGO,0,0,0,,,,https://upload.wikimedia.org/wikipedia/commons/6/68/Flag_of_Togo.svg,0.13,0,0,0,0,0,0,0,0,0,0,0,0,0,0,1,0,0,0,0,0,0,0,0,0,0,0,0,0,0,0,0,0,0,0,0,0,0,0,0,0,0,0,0,0,0,0,0,0,0,0,0,0,0,0,0,0,0,0,0,0,0,0,0,0,0,0
Tonga,108020,YES,1984,0.09,0.11,0.00,11,1,0,1,0,9,1,0,1,0,2,0,0,0,0,Boxing,1,0,1,0,TON,0,0,0,,,,https://upload.wikimedia.org/wikipedia/commons/9/9a/Flag_of_Tonga.svg,9.26,0,0,0,0,0,0,0,0,0,0,0,0,0,1,0,0,0,0,0,0,0,0,0,0,0,0,0,0,0,0,0,0,0,0,0,0,0,0,0,0,0,0,0,0,0,0,0,0,0,0,0,0,0,0,0,0,0,0,0,0,0,0,0,0,0,0
Trinidad and Tobago,1369125,YES,1948,0.95,1.12,0.00,20,19,3,5,11,17,19,3,5,11,3,0,0,0,0,Athletics,15,3,4,8,TTO,0,0,0,,,,https://upload.wikimedia.org/wikipedia/commons/6/64/Flag_of_Trinidad_and_Tobago.svg,13.88,0,0,0,0,0,28,0,0,0,0,0,0,0,0,0,0,0,0,0,0,0,0,0,0,0,0,0,0,0,0,0,0,0,0,0,0,0,0,0,0,0,0,0,0,0,0,0,0,0,0,0,0,0,0,1,0,0,0,0,0,0,0,0,0,3,0
Tunisia,11532127,YES,1960,0.93,0.93,0.00,14,15,5,3,7,14,15,5,3,7,0,0,0,0,0,Athletics,5,2,2,1,TUN,0,0,0,,,,https://upload.wikimedia.org/wikipedia/commons/c/ce/Flag_of_Tunisia.svg,1.30,0,0,0,0,0,5,0,0,0,0,0,0,0,2,0,0,0,0,0,0,0,0,1,0,0,0,0,0,0,0,0,0,0,0,0,0,0,0,0,0,0,0,0,0,0,0,0,0,0,0,0,0,0,0,3,0,0,1,0,0,0,0,0,0,0,1
Turkey,80745020,YES,1908,2.33,4.14,0.00,39,104,41,26,37,22,104,41,26,37,17,0,0,0,0,Wrestling,63,29,18,16,TUR,0,0,0,,,,https://upload.wikimedia.org/wikipedia/commons/b/b4/Flag_of_Turkey.svg,1.29,0,0,0,0,0,6,0,0,0,0,0,0,0,5,0,0,0,0,0,0,0,0,0,0,0,0,0,0,0,0,0,0,2,0,0,0,0,0,0,0,0,0,0,0,0,0,0,0,0,0,0,0,0,0,0,0,0,7,0,0,0,0,0,0,12,63
Turkmenistan,5758075,YES,1966,0.00,0.00,0.00,6,1,0,1,0,6,1,0,1,0,0,0,0,0,0,-,0,0,0,0,TKM,0,0,0,,,,https://upload.wikimedia.org/wikipedia/commons/1/1b/Flag_of_Turkmenistan.svg,0.17,0,0,0,0,0,0,0,0,0,0,0,0,0,0,0,0,0,0,0,0,0,0,0,0,0,0,0,0,0,0,0,0,0,0,0,0,0,0,0,0,0,0,0,0,0,0,0,0,0,0,0,0,0,0,0,0,0,0,0,0,0,0,0,0,0,0
Tuvalu,11192,YES,2008,0.00,0.00,0.00,3,0,0,0,0,3,0,0,0,0,0,0,0,0,0,-,0,0,0,0,TUV,0,0,0,,,,https://upload.wikimedia.org/wikipedia/commons/3/38/Flag_of_Tuvalu.svg,0.00,0,0,0,0,0,0,0,0,0,0,0,0,0,0,0,0,0,0,0,0,0,0,0,0,0,0,0,0,0,0,0,0,0,0,0,0,0,0,0,0,0,0,0,0,0,0,0,0,0,0,0,0,0,0,0,0,0,0,0,0,0,0,0,0,0,0
Uganda,42862958,YES,1956,0.47,0.47,0.00,15,11,4,4,3,15,11,4,4,3,0,0,0,0,0,Athletics,3,2,0,1,UGA,0,0,0,,,,https://upload.wikimedia.org/wikipedia/commons/4/4e/Flag_of_Uganda.svg,0.26,0,0,0,0,0,3,0,0,0,0,0,0,0,4,0,0,0,0,0,0,0,0,0,0,0,0,0,0,0,0,0,0,0,0,0,0,0,0,0,0,0,0,0,0,0,0,0,0,0,0,0,0,0,0,0,0,0,0,0,0,0,0,0,0,0,0
Ukraine,44222947,YES,1994,9.92,20.17,1.14,13,148,39,37,72,6,140,36,36,68,7,8,3,1,4,Gymnastics,19,7,4,8,UKR,0,0,0,,,,https://upload.wikimedia.org/wikipedia/commons/4/49/Flag_of_Ukraine.svg,3.35,0,0,0,8,0,21,0,0,0,0,0,8,0,14,12,0,0,0,0,6,4,0,12,3,0,0,0,23,15,0,0,0,3,0,0,0,2,0,0,0,0,5,0,12,0,0,11,8,0,0,0,0,0,0,7,0,0,0,0,2,0,0,0,0,8,15
Unified Team,0,NO,1992,67.50,112.00,23.00,2,135,54,44,37,1,112,45,38,29,1,23,9,6,8,Artistic gymnastics,18,9,5,4,XUT,0,0,0,,,,,0.00,0,0,0,4,0,29,0,0,12,0,0,11,0,2,3,0,0,12,0,0,3,0,13,9,0,1,0,28,25,0,22,0,4,0,0,0,4,0,0,0,0,2,0,4,0,0,0,8,4,0,0,0,0,0,30,0,0,0,3,0,0,0,8,13,9,16
United Arab Emirates,9400145,YES,1984,0.22,0.22,0.00,9,2,1,0,1,9,2,1,0,1,0,0,0,0,0,Shooting,1,1,0,0,ARE,0,0,0,,,,https://upload.wikimedia.org/wikipedia/commons/c/cb/Flag_of_the_United_Arab_Emirates.svg,0.21,0,0,0,0,0,0,0,0,0,0,0,0,0,0,0,0,0,0,0,0,0,0,0,0,0,0,0,0,0,0,0,0,1,0,0,0,0,0,0,0,0,0,0,0,0,0,0,1,0,0,0,0,0,0,0,0,0,0,0,0,0,0,0,0,0,0
United States,324459463,YES,1896,56.54,93.41,13.26,50,2940,1166,948,826,27,2635,1061,836,738,23,305,105,112,88,Athletics,802,335,260,207,USA,8,4,4,"1904 Summer Olympics (St. Louis), 1932 Winter Olympics (Lake Placid), 1932 Summer Olympics (Los Angeles), 1960 Winter Olympics (Squaw Valley), 1980 Winter Olympics (Lake Placid), 1984 Summer Olympics (Los Angeles), 1996 Summer Olympics (Atlanta), 2002 Winter Olympics (Salt Lake City)","4x400 m relay:, LaShawn Merritt, Angelo Taulor, David Neville, Jeremy Wariner 2:55.39 min, High jump:, Charles Austin 2.39 m, Long jump:, Bob Beamon 8.90 m, Triple jump:, Kenny Harrison 18.09 m, Shot put:, Ryan Crouser 23.30 m","200 meters:, Florence Griffith Joyner 21.34 sec, 400 meters hurdles:, Sydney McLaughlin 51.46 sec, 4x100 m relay:, Tianna Madison, Allyson Felix, Bianca Knight, Carmelita Jeter 40.82 sec, Long jump:, Jackie Joyner-Kersee 7.40 m, Hepathlon:, Jackie Joyner-Kersee 7291 pts",https://upload.wikimedia.org/wikipedia/en/a/a4/Flag_of_the_United_States.svg,9.06,0,44,0,57,9,1080,0,68,341,0,20,0,74,113,21,0,0,1,4,78,140,132,69,66,102,21,38,194,0,30,276,1,14,12,9,0,17,0,7,12,0,0,3,375,36,0,140,193,42,8,1,24,60,70,1078,30,0,9,62,0,2,14,120,150,42,128
Uruguay,3456750,YES,1924,0.45,0.48,0.00,22,10,2,2,6,21,10,2,2,6,1,0,0,0,0,Football,2,2,0,0,URY,0,0,0,,,,https://upload.wikimedia.org/wikipedia/commons/f/fe/Flag_of_Uruguay.svg,2.89,0,0,0,0,0,0,0,0,24,0,0,0,0,1,0,0,0,0,0,1,0,0,0,0,31,0,0,0,0,0,0,0,0,0,0,0,0,0,0,0,0,0,0,6,0,0,0,0,0,0,0,0,0,0,0,0,0,0,0,0,0,0,0,0,0,0
Uzbekistan,31910641,YES,1994,2.46,5.17,0.14,13,37,12,6,19,6,36,11,6,19,7,1,1,0,0,Boxing,14,4,2,8,UZB,0,0,0,,,,https://upload.wikimedia.org/wikipedia/commons/8/84/Flag_of_Uzbekistan.svg,1.16,0,0,0,0,0,0,0,0,0,0,0,0,0,14,0,0,0,0,0,0,0,0,0,0,0,1,0,1,0,0,0,0,6,0,0,0,0,0,0,0,0,0,0,0,0,0,0,0,0,0,0,0,0,0,0,0,0,0,0,1,0,0,0,0,1,10
Vanuatu,276244,YES,1988,0.00,0.00,0.00,8,0,0,0,0,8,0,0,0,0,0,0,0,0,0,-,0,0,0,0,VUT,0,0,0,,,,https://upload.wikimedia.org/wikipedia/commons/b/bc/Flag_of_Vanuatu.svg,0.00,0,0,0,0,0,0,0,0,0,0,0,0,0,0,0,0,0,0,0,0,0,0,0,0,0,0,0,0,0,0,0,0,0,0,0,0,0,0,0,0,0,0,0,0,0,0,0,0,0,0,0,0,0,0,0,0,0,0,0,0,0,0,0,0,0,0
Venezuela,31977065,YES,1948,0.68,0.83,0.00,22,19,3,7,9,18,19,3,7,9,4,0,0,0,0,Boxing,6,1,3,2,VEN,0,0,0,,,"Triple jump:, Yulimar Rojas 15.67 m",,0.59,0,0,0,0,0,2,0,0,0,0,0,0,0,6,0,0,0,0,0,1,0,0,1,0,0,0,0,0,0,0,0,0,0,0,0,0,0,0,0,0,0,0,0,0,0,0,0,1,0,0,0,0,0,0,1,0,0,2,0,0,0,0,0,0,1,0
Vietnam,95540800,YES,1952,0.27,0.27,0.00,15,4,1,3,0,15,4,1,3,0,0,0,0,0,0,Shooting,2,1,1,0,VNM,0,0,0,,,,,0.04,0,0,0,0,0,0,0,0,0,0,0,0,0,0,0,0,0,0,0,0,0,0,0,0,0,0,0,0,0,0,0,0,0,0,0,0,0,0,0,0,0,0,0,0,0,0,0,2,0,0,0,0,0,0,0,0,0,1,0,0,0,0,0,0,1,0
Virgin Islands,104901,YES,1968,0.05,0.08,0.00,19,1,0,1,0,12,1,0,1,0,7,0,0,0,0,Sailing,1,0,1,0,VIR,0,0,0,,,,,9.53,0,0,0,0,0,0,0,0,0,0,0,0,0,0,0,0,0,0,0,0,0,0,0,0,0,0,0,0,0,0,0,0,0,0,0,0,0,0,0,0,0,0,0,0,0,0,1,0,0,0,0,0,0,0,0,0,0,0,0,0,0,0,0,0,0,0
Yemen,28250420,YES,1992,0.00,0.00,0.00,7,0,0,0,0,7,0,0,0,0,0,0,0,0,0,-,0,0,0,0,YEM,0,0,0,,,,https://upload.wikimedia.org/wikipedia/commons/8/89/Flag_of_Yemen.svg,0.00,0,0,0,0,0,0,0,0,0,0,0,0,0,0,0,0,0,0,0,0,0,0,0,0,0,0,0,0,0,0,0,0,0,0,0,0,0,0,0,0,0,0,0,0,0,0,0,0,0,0,0,0,0,0,0,0,0,0,0,0,0,0,0,0,0,0
North Yemen,7160981,NO,1984,0.00,0.00,0.00,2,0,0,0,0,2,0,0,0,0,0,0,0,0,0,-,0,0,0,0,XNY,0,0,0,,,,,0.00,0,0,0,0,0,0,0,0,0,0,0,0,0,0,0,0,0,0,0,0,0,0,0,0,0,0,0,0,0,0,0,0,0,0,0,0,0,0,0,0,0,0,0,0,0,0,0,0,0,0,0,0,0,0,0,0,0,0,0,0,0,0,0,0,0,0
South Yemen,2585484,NO,1988,0.00,0.00,0.00,1,0,0,0,0,1,0,0,0,0,0,0,0,0,0,-,0,0,0,0,XSY,0,0,0,,,,,0.00,0,0,0,0,0,0,0,0,0,0,0,0,0,0,0,0,0,0,0,0,0,0,0,0,0,0,0,0,0,0,0,0,0,0,0,0,0,0,0,0,0,0,0,0,0,0,0,0,0,0,0,0,0,0,0,0,0,0,0,0,0,0,0,0,0,0
Yugoslavia,23230000,NO,1920,3.13,5.63,0.29,30,94,28,34,32,16,90,28,31,31,14,4,0,3,1,Wrestling,16,4,6,6,XYS,0,0,0,,,,,4.05,0,2,0,0,0,2,0,0,84,0,0,0,0,11,7,0,0,0,0,0,0,0,0,0,73,0,0,18,72,0,0,0,2,0,0,0,0,0,0,0,0,0,0,13,0,0,0,3,0,0,5,0,0,0,2,0,4,0,0,0,0,0,0,76,0,16
Zambia,17094130,YES,1964,0.15,0.15,0.00,13,2,0,1,1,13,2,0,1,1,0,0,0,0,0,Athletics,1,0,1,0,ZMB,0,0,0,,,,https://upload.wikimedia.org/wikipedia/commons/0/06/Flag_of_Zambia.svg,0.12,0,0,0,0,0,1,0,0,0,0,0,0,0,1,0,0,0,0,0,0,0,0,0,0,0,0,0,0,0,0,0,0,0,0,0,0,0,0,0,0,0,0,0,0,0,0,0,0,0,0,0,0,0,0,0,0,0,0,0,0,0,0,0,0,0,0
Zimbabwe,16529904,YES,1928,0.57,0.62,0.00,14,8,3,4,1,13,8,3,4,1,1,0,0,0,0,Swimming,7,2,4,1,ZWE,0,0,0,,,,https://upload.wikimedia.org/wikipedia/commons/6/6a/Flag_of_Zimbabwe.svg,0.48,0,0,0,0,0,0,0,0,0,0,0,0,0,0,0,0,0,0,0,0,0,0,0,0,0,0,0,0,0,15,0,0,0,0,0,0,0,0,0,0,0,0,0,0,0,0,0,0,0,0,0,0,0,0,7,0,0,0,0,0,0,0,0,0,0,0
